original_price,age,condition,brand_tier,resale_price
52563,1,5,1,40493
126425,8,3,2,27465
69643,3,5,2,44719
108573,5,2,3,43088
82509,4,3,3,47026
27597,0,3,2,24230
249528,2,1,1,102866
90064,2,3,2,53375
86012,11,2,1,8704
23549,3,1,2,9739
144055,2,3,2,94558
262366,7,4,2,77115
60761,8,4,1,13294
7044,9,5,3,1873
200600,0,1,1,124132
120307,5,4,3,59949
124488,8,2,3,27022
246524,11,3,3,43172
258327,2,1,2,111024
217598,1,5,2,189055
231536,2,2,1,111613
260440,5,4,3,127288
270716,5,4,3,132328
299182,7,3,2,91100
38129,6,1,2,9305
129615,0,1,3,91817
22286,10,3,2,3731
230568,9,2,2,39904
240218,12,5,3,39124
213715,6,2,1,48845
135889,9,5,2,35315
48014,0,3,1,34060
30216,0,5,3,38533
240385,5,5,2,113040
162231,10,5,2,32974
52858,6,4,1,17793
121940,2,2,3,80169
159889,4,2,3,80083
21022,7,2,2,4762
104635,0,5,1,108380
291662,10,2,3,49750
113495,4,5,2,67011
247661,12,3,2,33881
5195,2,3,2,3529
167174,8,2,2,33956
179850,1,5,1,141509
280612,4,2,1,95134
160979,7,3,2,47121
127786,5,3,1,42892
40446,5,1,3,13575
45200,11,4,1,7068
67188,4,5,2,37197
5759,9,1,3,1000
207626,1,1,3,128684
152286,9,2,3,30502
38565,12,2,3,4725
219397,3,5,2,161771
87228,6,1,3,25012
174603,11,2,1,20834
296156,2,3,2,197739
246342,6,3,3,101902
289995,11,2,3,41304
67196,1,3,1,42794
151597,5,4,1,61643
210746,0,3,1,164352
137527,11,5,2,26992
51144,5,4,1,19385
106928,1,2,2,66841
103258,11,3,1,12901
151567,1,5,1,114293
50095,6,2,3,17043
42921,12,5,1,5724
121775,1,2,3,95081
193523,7,3,2,55068
64989,2,3,1,36806
163719,7,1,1,30758
196324,4,1,3,70942
68913,2,3,1,37564
71390,9,2,2,12980
169593,5,1,1,41342
116128,3,3,3,74044
200585,1,3,2,139315
76760,5,5,1,32584
181286,10,2,2,30080
201288,1,3,1,134728
213332,10,1,3,28760
160230,7,1,3,34851
102734,3,1,1,34587
102891,11,3,1,12526
98910,9,5,2,25178
129382,1,2,2,88849
177442,0,3,1,137327
93067,4,4,1,44943
23178,9,4,2,5624
210387,10,5,2,48237
191899,7,2,3,57303
137354,11,4,1,21075
19716,2,4,2,13923
253602,9,2,1,35432
209931,5,1,1,53003
153688,5,2,1,42574
165391,5,4,1,68308
30434,7,2,3,9226
135138,4,2,3,58708
239679,8,5,1,61069
251355,3,2,3,145469
154014,4,5,2,81101
169432,1,1,3,105110
188082,10,5,2,40569
79076,5,4,1,27466
61277,9,4,3,14552
231183,4,3,1,94859
247770,12,4,3,43474
186206,5,2,1,56312
271121,2,3,3,196300
205572,8,4,3,57499
42407,0,1,3,34044
89256,8,5,3,31579
66233,1,2,1,34525
81590,1,5,2,83651
85258,3,1,1,31994
67100,0,3,2,53400
29898,9,1,2,4332
216979,2,5,3,212948
43544,2,5,3,43111
270501,0,3,2,239342
150143,10,4,1,27620
169756,6,4,2,57666
63759,5,5,3,37232
25393,1,1,1,12602
266972,10,5,2,58116
288391,7,4,2,89820
224957,4,1,1,67464
106884,0,4,2,105678
126398,7,3,3,40019
50631,11,5,1,7845
72423,5,4,3,33327
142318,5,5,3,73388
196852,0,3,2,171855
234324,12,1,3,27491
203448,8,4,3,61212
149986,4,5,2,93490
73118,1,5,3,71745
227523,0,4,3,243297
87048,5,2,2,32472
237691,9,4,3,64004
73519,3,3,3,47546
188987,9,5,1,38269
290002,6,4,2,116875
99191,2,2,3,60557
101543,11,2,3,15914
42545,12,2,1,4189
297601,7,1,1,52945
89061,11,4,1,13610
124312,2,3,1,65429
287305,9,2,1,43459
84659,5,5,1,34485
280048,7,2,2,69361
129706,12,2,1,11276
173519,5,4,3,78469
177176,7,3,3,58297
248711,11,3,2,38417
273291,2,2,2,144572
222856,12,2,3,25466
241651,12,2,3,28831
32321,7,5,2,11085
107572,3,4,1,56088
256535,1,1,2,152622
207296,12,2,3,25406
250429,9,5,2,66672
163853,3,3,3,104312
214402,9,1,1,30321
148197,6,2,1,37163
35050,11,2,3,5337
268141,5,2,3,100975
190841,12,1,3,18782
225080,5,1,1,61795
187167,1,3,1,126821
113259,11,4,3,22518
117252,9,1,1,14311
59140,6,4,2,23004
274581,6,3,1,86131
238910,2,3,3,182195
159962,2,2,2,81658
22076,3,3,1,9771
288343,4,2,3,144124
251501,12,3,3,36033
112497,4,1,2,37443
203829,10,2,3,34197
168218,4,4,1,71623
291666,11,2,3,40964
153308,8,4,2,43538
171367,2,3,1,87020
101729,1,2,1,53078
38871,0,2,1,25700
255748,0,1,3,180384
68867,7,1,2,15447
8117,4,4,3,4683
173857,1,4,3,178071
118413,9,3,1,20756
263617,3,4,1,143046
104891,11,3,3,17287
143331,4,4,2,72062
213755,6,4,3,88606
30591,2,5,1,21200
27679,3,4,1,15123
174020,9,5,1,34896
291310,7,2,3,86231
239650,10,1,1,28722
138897,3,5,3,116365
19411,7,3,2,4953
43221,10,4,2,7857
296497,10,5,2,67877
162532,6,3,3,58135
286535,5,5,2,138503
120579,2,1,2,53683
15570,11,1,3,1804
84775,11,2,1,9810
265363,7,3,2,67821
260981,6,4,1,88294
95251,10,5,1,18930
79195,10,3,3,16097
228157,5,4,1,78063
49210,10,1,3,7858
14563,10,4,2,2761
253992,10,2,3,47563
216371,5,4,2,104305
119363,2,2,2,68467
276457,9,4,2,65386
17551,3,1,2,7129
149524,6,3,1,42135
218967,5,5,3,126790
274592,12,5,3,51948
184735,0,1,2,114538
76247,6,3,2,27240
42922,4,1,2,16215
99665,2,4,2,74805
154303,7,4,2,51791
50563,12,2,2,5281
42819,4,1,3,18271
242224,12,3,1,27178
64596,6,5,3,30506
215000,11,1,2,22346
188624,2,2,3,118786
237165,7,4,3,89240
66877,0,3,2,56660
90415,1,4,3,91016
181532,12,4,2,27479
29975,9,5,3,8055
122357,4,2,3,55479
235297,4,4,3,138867
219492,1,2,2,141561
100339,7,4,2,32511
31616,10,4,2,5797
188549,8,3,2,49731
62381,7,2,2,15959
273329,3,2,1,101423
35895,2,4,2,23911
106808,9,3,1,18566
252477,5,1,2,75926
75623,7,3,1,16943
148994,0,2,3,142437
273290,11,3,1,37466
52670,5,2,3,20114
225259,11,4,2,34744
200904,4,3,2,92012
139282,1,1,1,66212
29659,9,4,1,6070
144589,9,5,3,41034
133656,12,5,1,17550
253181,2,1,3,127967
277689,2,1,3,145210
126526,0,2,1,86490
191945,6,5,2,75619
35004,11,1,1,3174
33147,11,3,3,5663
107325,6,2,3,35139
83593,0,5,2,84914
290488,9,3,1,47222
111386,10,3,1,17504
86342,6,2,1,21936
194682,7,1,1,33033
12643,8,1,2,2182
103092,3,1,3,49619
154409,10,3,1,22760
199939,0,2,2,165785
231460,8,2,2,51547
289228,1,4,1,199961
200520,11,4,3,34164
135262,2,2,2,67901
87077,7,2,3,25950
258044,4,4,2,142842
153082,7,5,2,57633
171685,5,1,1,44733
244264,0,3,3,262411
171213,0,3,3,171362
93163,11,3,2,14783
210563,3,4,3,146446
113161,11,1,2,12280
247690,1,2,2,172608
83356,2,3,1,43151
14602,3,4,2,8942
165198,11,5,2,30478
183085,1,2,1,107472
108072,3,3,2,61474
121704,3,5,3,98755
116617,1,5,3,129133
94809,2,3,2,58251
49419,1,4,2,37895
123246,9,2,1,18003
293722,9,3,1,47376
238619,1,1,2,121700
131177,2,5,2,109327
125268,2,2,1,60516
272221,5,5,1,106874
270072,12,4,1,32734
224867,12,3,1,22684
142913,12,3,1,14083
280052,1,2,1,172804
172721,6,2,3,62341
204748,7,1,1,36859
193361,1,5,1,150152
120976,6,4,3,55924
132110,4,2,3,64990
30305,2,1,3,16737
209798,11,2,2,26089
66789,4,1,3,25749
11775,12,3,3,1529
162065,5,4,2,68285
54754,12,2,3,6516
58624,0,2,2,43395
126071,12,1,2,11453
8995,1,2,3,6469
13450,11,2,1,1458
164842,5,5,3,97969
27443,0,4,3,30176
71377,0,4,2,75722
241803,10,1,2,33832
281966,6,3,2,93098
11782,6,1,3,3492
240648,7,1,2,54024
218845,11,2,2,27402
21087,2,5,2,17005
213473,8,4,3,70142
18387,12,3,1,1915
243135,0,5,2,283067
69093,6,1,3,19676
120594,3,1,1,38345
141761,1,4,2,114347
176400,11,5,1,25476
115713,11,3,3,20554
22549,1,4,1,16424
172468,2,5,3,163996
111570,0,5,1,115486
6150,3,2,1,2746
191858,2,2,1,90804
69862,3,5,1,43829
18636,10,3,2,3241
281933,11,4,3,55858
63695,1,2,3,48301
254435,0,1,2,183536
44491,7,2,2,11949
217773,11,1,2,24373
158111,3,5,1,95158
75096,4,4,3,39701
141883,6,2,2,42249
71364,11,5,2,13649
229981,8,1,2,40430
143169,0,1,3,116384
144833,7,4,1,43486
6717,9,2,3,1286
54668,6,4,3,21041
66769,12,4,2,8675
22958,0,4,1,21504
253018,7,5,1,82360
67355,8,5,2,20489
31198,12,2,1,2802
49585,9,4,2,11286
133864,8,4,2,35626
76682,10,1,3,10958
197674,8,5,2,57401
143872,0,4,3,170310
62331,8,2,3,13416
34231,10,2,1,4499
80100,4,1,3,32222
269903,11,2,1,27653
223106,11,4,2,40185
50436,0,3,2,41346
21336,11,4,3,4395
163489,12,1,3,15785
8748,10,5,2,1718
187453,6,4,2,67103
193226,6,1,1,41091
219574,5,3,1,73458
262074,10,1,1,31344
112793,4,2,2,44637
68630,4,4,3,38514
298083,0,3,1,204729
244114,11,5,3,52017
114240,9,4,3,31149
168398,5,1,2,45889
151791,1,3,1,95840
13044,5,4,2,6116
116901,5,2,1,32766
27772,10,2,3,4769
228701,11,2,2,30314
196441,6,1,3,55310
178420,4,5,3,113943
182929,7,2,3,49474
94665,0,2,1,68297
204309,11,3,3,32743
35351,2,4,2,25590
84426,1,2,2,49937
24230,3,2,3,12478
203675,11,3,2,31709
269046,9,2,1,44349
5493,5,2,2,1808
264019,1,4,3,269022
263660,9,5,3,81773
247995,0,5,1,249405
82754,9,4,3,20139
230870,6,2,3,76590
62349,1,1,2,33694
128497,7,4,1,35914
114446,12,2,2,11803
54744,10,3,2,9083
142947,4,1,1,38667
298811,5,4,3,149887
37126,8,3,3,10090
193706,7,1,3,43334
253699,4,2,2,106566
38112,6,4,1,11795
24841,3,2,3,14493
242941,5,2,1,65171
295789,5,5,2,134102
32374,4,3,2,15263
295349,1,1,2,161847
25048,2,3,3,18950
232999,11,2,3,34810
64826,9,2,3,13069
59637,1,4,3,51590
200808,11,1,2,20108
203415,6,2,1,53889
8231,10,1,1,853
214778,11,4,1,28947
251229,6,5,3,125600
103545,9,4,2,23443
278252,1,3,3,242984
148877,12,5,3,26363
291342,4,2,1,102685
75444,2,3,2,43274
21395,0,2,2,15795
84602,9,4,3,22677
159381,9,4,3,43618
249498,2,2,2,137831
77817,11,4,2,12126
80737,11,3,3,12324
170681,6,4,3,70431
8095,6,1,3,2242
72206,9,3,3,17376
186285,3,1,1,71729
275591,3,3,2,151128
181497,1,3,2,128141
58012,0,3,3,56849
238200,10,4,1,41632
23024,4,3,2,10608
45470,4,5,3,30322
70968,8,4,2,18751
82510,0,5,1,73801
50881,5,2,3,19440
118605,7,5,1,36636
198081,3,5,3,154692
153474,1,4,3,136699
137907,4,2,3,59622
16948,1,5,1,12920
214418,9,5,1,51773
121522,1,4,1,89216
222984,9,3,3,48791
236793,9,3,3,59792
157613,10,5,3,40126
98845,0,3,2,82293
23467,10,2,1,2932
63891,10,2,1,7931
108782,3,1,3,47781
256442,8,1,1,40213
218636,8,1,2,36837
258901,6,1,2,62106
264468,2,4,2,192129
276456,10,3,2,46819
276705,5,2,1,79908
61483,1,5,3,60833
44007,6,2,1,11651
128377,3,5,2,93032
255896,8,3,1,54172
46794,8,3,1,9344
221870,6,1,2,54372
246710,0,5,3,293398
278659,11,2,1,28596
120285,12,1,1,10183
110573,1,5,1,81197
88921,9,1,2,14915
104249,9,5,1,21779
277840,0,2,3,259617
6679,3,5,2,4141
262677,8,3,1,56209
88820,7,1,1,16898
204021,4,5,3,134599
194828,11,5,3,40509
147165,10,4,2,26831
174455,4,4,1,75761
72336,8,4,3,20839
278147,2,4,3,219929
104136,0,4,3,128363
247988,0,5,1,242518
50742,7,3,1,12506
92096,1,3,3,79219
25985,7,5,2,9736
281906,11,5,2,53804
87044,12,3,2,11962
13059,6,1,2,3456
270657,4,2,2,109038
101497,10,5,2,20291
32268,5,4,3,16408
124331,3,2,1,51528
190978,12,2,2,19886
131425,4,2,3,64389
5448,5,4,1,1926
14425,1,4,3,13321
257688,1,4,1,200552
88040,1,4,1,70336
156055,9,4,1,27971
243668,1,5,3,273604
117729,9,4,1,24644
49644,1,1,2,25387
33502,12,2,2,3512
109568,8,4,3,34180
171319,5,3,2,60776
104642,3,1,1,35938
194804,1,4,3,196182
121432,6,2,2,32354
291846,9,3,2,65432
228066,7,3,1,56693
258649,6,1,2,60969
36073,9,1,3,6506
293602,4,1,2,91416
110521,9,4,3,27908
193315,8,2,2,39321
92599,7,2,2,24918
282963,5,4,3,145372
208312,6,4,1,66196
179806,3,2,2,80065
265344,3,5,1,155415
73534,1,3,2,51727
251045,8,2,2,48449
260485,8,5,3,95212
82418,5,4,2,37628
288113,9,3,2,62485
299994,4,2,3,125440
126318,12,4,3,19749
265803,2,3,3,190389
29538,5,4,1,11009
128401,6,3,2,39579
222102,0,2,2,177137
87376,0,3,3,90271
164427,3,2,1,61041
278518,10,1,3,40512
43757,10,1,2,5302
32661,11,3,3,5526
201382,1,4,2,185760
35131,3,5,3,27961
288708,11,5,1,48479
221713,7,3,3,68182
207152,2,5,3,184214
120492,6,1,1,25343
159860,0,3,2,153551
297307,6,1,1,62462
187037,11,5,3,38576
114553,11,4,1,17223
13459,5,5,3,7291
55379,2,2,3,36025
51001,10,4,3,11976
238048,4,3,2,118076
13633,7,1,1,2351
227111,0,1,1,126313
39474,1,2,1,20739
248894,8,4,2,69081
190026,8,2,2,43149
156665,0,5,3,183340
106367,5,5,3,58926
128894,10,4,1,19641
51409,7,3,3,15811
223067,7,1,1,37329
231822,4,1,1,70584
69650,1,5,2,59109
217025,3,4,3,150863
228767,0,4,3,260546
93945,9,3,3,22993
79679,11,4,2,14051
205446,12,1,1,17262
254941,11,4,3,43782
217211,10,5,2,44771
264158,11,2,2,34375
264127,6,2,3,85168
111856,12,1,3,12277
149423,4,2,2,64561
15695,12,3,1,1550
49246,12,3,3,7483
17718,10,5,1,3090
250245,3,1,1,93120
78096,6,5,3,33783
6704,9,5,2,1877
89796,2,5,2,74207
5812,5,5,2,2777
286475,5,2,2,102448
28669,5,1,2,7592
229753,5,5,3,117095
62820,11,5,1,10253
199100,0,5,2,205664
227724,3,2,1,97343
173895,6,4,3,78119
143799,6,3,3,57431
53746,7,1,1,9226
137578,4,4,2,67596
67636,1,2,2,47260
192896,11,3,3,29373
145917,8,2,1,23893
149279,6,5,2,68105
257166,11,5,3,52731
119627,6,4,3,53901
279349,11,5,3,63445
188454,6,1,1,44549
257194,8,1,1,39884
54844,11,5,3,11797
267710,1,5,3,267171
194962,11,5,2,38313
203329,4,1,1,62663
23995,10,4,3,5375
207206,7,2,2,54075
264704,6,1,3,73433
109483,12,5,2,17555
284519,12,5,3,49660
294813,7,5,1,81125
70786,7,1,3,18306
273457,1,4,3,254745
111497,8,1,3,23390
251573,8,5,1,58751
40277,10,5,2,8448
89283,8,2,2,17519
144288,8,4,3,40092
98464,5,2,1,26708
202124,7,2,2,45345
267868,9,2,1,44663
59670,10,2,3,9601
140651,0,2,3,130025
221781,9,2,1,37388
149274,9,2,2,25110
230380,1,4,2,181425
173909,1,2,2,104178
186831,10,2,3,29300
248114,10,4,1,42031
188393,1,2,3,135401
297971,8,2,2,56500
134725,6,2,1,33957
288580,6,1,3,75545
157161,4,2,3,64768
299532,2,3,3,227774
151528,6,1,2,35219
8187,12,2,1,786
286067,2,4,2,222019
171500,2,5,2,146291
249955,11,4,2,40638
59082,10,4,2,11819
261696,3,4,3,183739
150658,3,3,1,73401
262366,3,4,3,186254
127907,0,5,2,131310
30048,0,5,2,35691
262064,8,3,3,78379
27498,8,4,3,9027
182728,2,2,2,108759
174562,0,3,3,181780
82909,9,4,1,17774
59190,11,5,3,12106
110480,6,1,3,31877
190143,8,3,2,42935
275548,7,1,2,63949
206346,3,3,3,118764
25526,6,1,3,6826
45500,10,3,2,8157
294730,9,4,1,58245
44748,7,5,3,16673
204576,9,1,2,31215
115323,6,1,3,29947
220756,8,3,3,65813
37686,3,5,1,21301
93104,11,2,3,13268
220530,12,4,3,38442
143934,5,2,2,45023
32119,10,2,3,5155
120042,9,1,2,17604
103306,5,4,1,42330
272746,6,5,1,107240
23096,4,3,3,11082
205291,12,1,1,15375
88634,12,5,2,13385
200092,3,3,1,88373
82692,12,3,1,9463
92698,8,2,1,15932
295167,9,1,2,41440
15953,2,2,2,8736
11958,6,3,2,3979
118001,10,2,3,18409
251190,12,2,3,30387
105043,5,3,3,43859
94443,4,2,2,39432
91592,11,2,2,12197
178788,12,4,1,20982
278311,3,5,3,231683
86487,8,2,1,15052
98827,8,4,3,28089
21766,2,3,2,12510
295453,4,2,3,126402
208930,10,1,2,29500
61761,10,2,2,8855
83318,8,1,3,18631
229333,6,2,3,79913
148518,9,3,3,34928
151684,3,4,1,81602
176254,1,1,1,85817
35470,3,5,1,20760
257530,3,4,2,151090
38773,7,4,2,11841
251491,12,1,1,20420
35157,6,1,1,7528
188243,8,3,1,40633
56418,3,3,1,26730
278047,7,4,2,86375
86926,8,2,3,20715
55048,9,4,2,12634
67611,10,2,3,11010
19339,4,5,3,11765
36644,8,1,2,6910
132148,7,2,3,35571
171178,4,3,1,68062
275336,0,5,1,274420
268714,7,3,2,74958
224663,5,3,1,69606
197170,10,4,3,46506
27678,3,3,2,13809
130329,5,3,1,45202
191038,5,2,1,52192
238291,0,3,3,222068
32384,7,2,3,9424
59466,2,5,2,48321
75968,9,3,1,13777
156090,9,1,2,25466
209529,5,3,1,68575
108493,1,3,2,76960
203138,11,1,2,21322
69269,6,1,3,19409
291617,9,5,1,65240
57422,0,4,3,63636
57978,7,1,3,14517
39533,2,4,3,29777
203554,12,2,1,19384
83381,10,4,1,14800
43805,8,2,1,8545
60336,8,2,2,12721
204410,0,4,1,162008
207884,12,3,3,31548
164854,7,3,2,45445
41893,4,1,2,14739
212770,5,5,2,109567
37165,11,4,1,5732
249058,0,3,2,204158
261641,2,5,2,198801
104549,7,4,3,34040
25827,2,1,1,10446
119812,12,2,3,14009
235341,0,3,2,196635
127126,12,2,2,14271
275582,12,2,1,25122
294768,3,5,1,164938
266184,10,2,1,37395
69328,7,4,2,20711
197951,1,4,2,168703
290394,4,4,2,152551
190643,7,5,2,71627
116788,4,4,1,51451
216057,0,4,2,218629
65646,5,2,1,18789
166572,8,3,2,37025
278232,6,2,2,73483
121331,0,5,1,104318
49660,2,3,3,38876
106626,3,3,3,62071
208534,1,4,1,157489
80304,7,1,1,14051
141738,5,4,2,68487
205088,2,3,1,120243
9672,3,1,3,4572
193084,0,3,3,197102
53152,4,2,1,18354
178770,1,5,3,186719
277678,5,3,3,135214
15864,9,5,1,3800
187911,2,1,3,107795
267536,9,4,3,74838
170478,11,4,1,22911
81604,12,1,3,9177
267438,4,5,2,162674
41700,12,3,2,4934
264260,1,3,3,209076
18441,9,5,2,4574
142137,7,5,2,49462
127989,4,1,1,36112
206945,5,5,2,97903
35755,4,5,2,21678
192342,5,5,3,107342
99435,1,1,3,58512
105865,1,3,3,92512
233749,3,2,2,111568
15563,4,1,1,4181
291489,12,5,2,42502
250446,0,5,3,299436
104487,7,2,1,20235
61804,9,4,2,14951
273060,10,3,2,49606
192743,10,3,1,31593
168693,8,1,1,23693
131003,0,4,3,157650
5745,10,3,3,1022
71062,3,1,3,31246
297317,6,5,3,136190
95719,3,2,3,53862
63976,1,2,1,36067
26485,8,4,1,5912
251690,9,5,3,74371
65858,10,2,3,11210
123929,8,3,3,31347
286498,5,5,1,114675
145133,5,2,1,42050
26289,3,5,1,15234
137081,12,3,2,17090
196211,8,3,1,41983
70885,10,4,3,15846
37866,4,1,1,10172
157213,0,4,2,169948
113997,8,4,3,31964
140389,4,2,3,68149
253622,2,1,1,114717
183556,7,5,1,61025
248227,1,1,3,146179
287922,4,5,1,156953
55262,7,1,2,12657
293484,9,3,3,70116
113517,12,1,1,8855
186396,9,3,3,46344
96781,6,4,2,39336
77547,5,2,1,21016
77566,3,1,3,33134
254573,11,5,1,38788
251963,3,3,2,136557
153084,4,3,3,72674
192684,12,1,2,17610
196376,2,1,1,83967
146606,10,2,2,23340
177874,11,4,2,26581
216855,10,5,1,37850
36425,10,2,3,6389
102822,7,1,1,18957
143492,7,5,1,47010
90839,2,1,2,40644
142325,4,5,2,78898
28475,6,3,1,8961
84645,6,5,3,43338
186656,7,5,1,60212
112460,12,1,3,12943
257880,3,1,1,94085
281770,6,5,3,144872
242403,5,3,3,112133
16889,10,3,3,3205
127675,4,2,2,50732
38555,12,4,3,6539
9258,1,1,3,6128
258483,6,1,1,53988
119268,5,5,2,61161
171450,6,3,3,65963
10523,9,3,2,1975
26362,12,5,1,3436
21902,2,3,1,12057
138398,6,2,1,35574
211182,8,4,1,50226
126230,11,2,1,14234
247752,4,5,3,160412
152622,10,5,2,31237
26008,7,5,2,8545
263342,9,4,1,56987
118513,7,2,1,27525
136833,10,4,3,27470
267106,0,4,3,279218
115701,9,4,2,28110
271375,2,5,1,194223
115820,5,2,1,33786
105596,9,2,2,17419
259417,1,3,1,175026
170686,8,4,3,51236
114119,10,1,3,18513
104686,12,2,2,11889
279465,1,4,3,253176
253752,7,2,1,52513
249417,12,3,3,33813
267295,6,1,2,70372
242607,11,1,3,30584
202843,12,1,2,20439
286216,6,5,3,142661
63777,7,2,3,18601
252304,5,2,1,68828
157888,5,3,3,72069
109728,7,4,1,31781
195033,8,3,2,50062
203822,3,1,3,99146
103820,11,2,3,14342
82445,10,1,2,9834
184923,11,5,1,29162
93589,4,4,3,55792
295110,9,3,3,62820
123411,11,3,1,16030
86574,9,5,3,23970
220921,8,4,3,70586
163785,10,2,2,26423
248801,10,2,3,42476
169366,3,5,1,96749
97742,1,2,3,71458
138477,12,3,1,13518
274983,2,5,2,217416
79663,10,3,1,11517
14305,2,2,1,6915
289984,6,4,1,101066
244066,1,3,3,192808
107124,3,3,2,63181
19187,0,2,2,15550
8785,9,1,1,1078
8326,0,1,1,4917
47842,1,1,3,28937
225416,10,2,1,28983
178780,1,4,2,155097
224276,0,1,2,147029
74324,7,3,1,19184
260860,10,1,2,35245
30409,12,2,2,3440
211461,10,5,3,55372
25095,6,3,1,7114
101289,3,2,1,41352
187301,9,1,3,32874
223749,7,4,3,78815
232969,9,4,2,57944
166891,0,5,1,168738
91960,5,1,3,31786
155776,4,3,2,76296
187747,10,3,3,35089
219148,3,5,2,139799
21286,1,3,2,15689
226535,9,3,3,57287
112628,8,3,2,27354
65847,11,2,1,7913
234194,0,3,2,191216
27461,3,1,1,8999
26998,4,5,2,14535
66831,8,1,1,10358
184846,5,2,3,72330
235526,3,1,2,90828
275172,4,4,2,153570
193269,2,3,3,134224
141068,7,5,1,45106
93000,12,4,3,15114
65831,1,3,3,58722
192770,12,4,3,32244
100249,2,3,2,70082
146343,10,4,3,35620
294824,0,1,1,158818
45285,3,4,3,29815
137782,1,5,1,112891
5463,6,1,1,1222
142377,7,5,1,44780
110052,9,2,3,21879
220267,11,4,2,36934
121531,1,4,2,102877
194510,12,3,3,30282
72597,12,4,2,10637
151566,8,4,2,41498
164082,12,1,1,13760
112679,12,2,2,11736
21684,5,5,3,10869
157104,10,2,2,25609
125973,9,2,1,19108
23603,10,1,3,3287
177683,5,5,3,95796
235626,1,2,3,166212
195028,1,3,1,129951
178923,9,3,2,35868
217691,7,3,3,71328
200680,2,4,1,116089
269555,7,5,1,86923
148801,5,2,1,42766
200147,3,3,3,126251
275986,1,5,3,321847
180062,10,3,2,31560
25870,2,5,3,23878
217809,9,3,3,50446
95054,12,1,3,9277
104611,11,1,3,12949
275605,11,4,3,53614
291169,6,1,1,67634
32222,7,5,3,11935
6023,9,1,2,868
196392,6,2,2,56436
267629,1,3,1,183733
194293,10,1,3,29427
23565,0,5,3,31232
28574,1,4,1,19946
31907,3,5,2,23463
30233,11,1,1,3086
259881,7,2,1,50081
40395,11,5,2,7285
246993,11,2,2,33736
294119,6,5,1,112464
175589,12,3,2,22317
221848,3,1,2,95811
61130,0,4,2,58470
193653,2,4,3,150004
73158,2,5,2,62766
124134,11,2,3,17594
36855,8,2,2,8251
170978,7,1,1,29339
115393,10,2,3,21266
209072,9,1,2,34930
81797,5,4,3,39009
245696,9,1,3,43362
138398,8,2,2,27836
15268,5,5,3,8577
193447,1,1,3,135489
118266,12,4,2,16321
200679,4,3,2,83444
98848,2,4,1,63769
140896,8,2,3,33692
90820,10,4,1,14834
45121,11,5,3,9671
239691,7,5,2,76119
125325,7,1,3,28327
50946,0,1,3,41131
93216,8,1,3,18363
189956,9,4,3,51740
195873,9,4,2,46552
296475,6,1,1,58197
48119,5,3,1,17567
137267,8,3,2,35090
249254,6,2,3,74582
42253,12,1,3,4120
81634,10,5,2,16205
164750,3,4,2,103307
230195,11,3,3,41451
196389,1,2,3,142490
229451,8,3,1,49193
241186,2,3,3,189459
224942,10,1,1,27271
193708,6,3,3,67919
81487,10,1,2,9783
207483,9,3,1,39421
20944,9,4,2,4402
95482,11,3,3,16078
94818,3,2,2,45405
43955,4,5,1,21066
213647,5,5,3,106882
130293,5,4,3,71510
115916,7,2,3,32387
190074,0,4,1,147178
233825,7,4,3,77716
8219,0,1,3,5645
159587,5,1,2,43119
58262,3,4,2,33261
60525,10,5,1,10429
266731,11,5,3,58326
84595,7,1,2,19470
267091,8,3,1,57507
219777,4,1,2,77456
153311,9,5,3,43913
285855,10,3,2,53462
18024,12,2,3,2298
105259,4,4,2,56032
210871,12,4,1,23359
124995,8,5,1,29770
108422,5,1,2,34573
284626,5,1,2,88512
279516,8,3,1,63671
250741,8,1,3,52477
86292,11,5,2,14474
68701,8,3,1,14975
37231,3,2,2,18185
199952,7,4,2,64565
11287,9,4,2,2731
237872,12,1,1,18098
5753,11,2,1,662
160068,7,2,3,47463
99335,10,3,3,20956
142194,8,5,3,49330
52166,9,4,3,14240
68740,4,3,1,28158
202564,9,4,3,56442
270865,8,2,2,55303
259648,6,3,2,85313
41537,2,1,1,16777
50642,2,4,3,39854
133478,7,2,2,30548
42515,7,3,3,14396
253257,9,4,2,61782
161212,5,5,1,73398
297806,0,1,2,213133
230110,4,4,2,112680
245170,11,2,2,33282
20419,4,2,2,8537
222258,11,2,1,23231
82528,11,1,2,8304
231341,3,5,2,145590
42552,1,2,1,22043
119060,9,4,2,26460
125012,2,1,1,54964
137634,9,3,3,30681
259891,5,2,1,77747
280002,0,1,2,186626
192712,9,4,3,47482
208792,5,2,3,76004
237919,11,4,1,37277
104058,5,1,1,27553
169671,12,4,3,29468
229582,8,2,3,59203
225381,7,3,3,76459
80985,7,4,3,29169
182972,6,3,2,63522
73712,1,3,1,51340
182172,4,2,3,88060
250103,10,1,1,30325
268640,11,1,3,37034
31556,11,5,3,6175
63950,12,3,2,7390
70743,9,5,3,22159
97149,0,2,2,68106
226372,3,2,3,111420
72731,6,4,1,24453
35700,10,3,1,5720
138924,9,3,1,23959
155506,12,5,1,20792
13513,7,4,1,4041
53734,10,2,2,7331
118488,9,3,3,28485
67745,11,1,1,6205
220055,6,5,3,107561
255157,10,3,2,40995
143185,9,1,3,22669
282019,5,3,3,135843
206818,2,2,1,101304
196324,4,1,3,71932
196042,9,1,2,27099
82608,8,2,3,17907
13403,2,4,1,8820
275681,9,2,2,44882
133172,4,5,1,62662
141229,2,2,1,70921
190831,4,5,2,101182
225343,1,2,1,133161
105892,2,5,3,102623
188761,10,3,2,32443
296029,0,1,2,208640
248422,5,2,1,66879
24329,4,1,1,7956
197275,2,5,2,149888
100459,9,4,1,20879
16319,9,3,3,3543
72956,5,2,3,29148
230859,6,4,2,83096
175311,4,5,2,107278
192742,11,1,1,19979
20627,1,4,2,16591
133261,2,4,3,110649
265657,6,5,1,88416
205744,0,5,1,181790
77498,1,4,2,63303
194065,11,5,1,32765
85882,7,5,3,37405
161769,11,5,2,28317
224341,3,5,2,166553
287001,11,1,3,35849
6605,2,4,2,4877
199438,4,4,3,123160
252278,3,1,2,104650
255931,12,1,3,29546
195998,6,1,3,55161
254808,8,1,1,39858
113427,5,5,2,58262
25884,9,4,1,5002
209626,12,5,3,39338
266144,3,5,3,208703
135440,3,2,3,69282
8889,8,2,3,2052
179789,1,1,3,115476
290526,7,1,3,76584
284544,12,1,1,24355
60702,10,5,3,16181
161627,8,1,3,31680
148081,11,5,3,33572
272405,2,5,2,220441
80844,1,2,3,61663
43374,8,3,3,10681
251886,7,4,2,84425
247639,12,1,3,26584
141542,6,5,2,53230
263140,7,3,2,72344
8270,0,1,3,6079
18899,5,3,2,7384
97698,12,4,2,13771
189291,5,5,3,99759
11105,4,2,2,4577
283631,12,3,1,31151
163251,5,1,2,52521
63318,0,1,2,41468
199061,1,2,1,109023
39871,12,1,1,3550
54975,9,4,3,14286
281367,8,1,2,52032
237681,0,1,1,142126
41398,4,5,3,26421
230167,5,5,2,123296
261143,5,4,2,108140
22373,3,1,2,9805
6490,11,1,2,770
225988,2,4,3,189716
107730,3,5,1,65784
156323,10,2,1,21245
134092,6,4,1,45236
211529,9,2,2,38606
29683,5,5,3,15116
73776,1,2,1,43820
116452,12,4,3,18566
258921,12,3,2,31682
86980,2,5,1,53938
255590,11,2,3,39475
287292,9,5,1,64865
132719,0,2,2,93765
274231,1,5,3,287067
261628,1,3,1,157687
68531,1,2,2,47716
14898,9,1,2,2100
33164,7,4,3,11653
29885,2,5,1,18463
209240,9,5,2,55409
245223,3,1,2,90033
68015,11,3,3,10278
233591,1,2,2,139447
12452,0,2,3,11722
143983,7,1,1,28475
224389,10,3,2,41363
136120,3,2,3,73428
284505,0,3,3,285431
106718,1,5,1,91252
60921,2,4,3,50180
293326,2,5,2,235748
257613,2,3,2,164101
170245,12,3,1,18247
44268,5,5,2,21468
80863,7,4,2,27906
266353,7,4,3,93615
120712,4,3,2,57363
279810,6,3,1,73396
128574,1,1,3,85570
206452,2,4,2,138110
155594,5,2,1,48051
231235,4,2,3,110751
11961,10,5,2,2529
195790,4,5,3,134033
213102,0,1,2,142860
102793,5,4,3,55592
164776,3,4,2,106927
27613,1,4,2,23708
134329,10,4,1,23764
11935,12,5,3,2287
156150,9,5,1,31170
251567,10,4,2,46939
188493,6,1,2,44135
114351,1,5,1,100385
48666,7,5,2,17255
265250,6,5,1,98669
106830,9,4,3,25173
176486,5,5,3,88857
12887,3,3,3,8236
270733,2,4,3,241074
269878,8,1,3,55002
293798,7,5,3,111726
151833,3,4,3,107895
41248,4,5,2,24023
206605,8,5,2,61157
67100,11,2,1,8059
170224,6,1,2,39769
11296,11,1,2,1192
204305,9,4,3,48718
62198,2,1,1,26603
79162,2,3,3,51507
67499,1,5,2,67297
24469,5,3,3,10299
86184,4,1,1,26094
179308,12,3,2,23561
236755,11,5,1,38905
265075,5,4,1,98496
12433,2,1,3,6479
126559,0,5,3,170536
84800,3,4,3,54318
49312,10,1,1,5660
138846,3,1,2,59016
81113,3,2,2,36702
210896,4,4,1,89621
149167,4,2,2,56375
31090,8,5,1,8249
44349,4,1,1,13315
262554,7,5,2,99922
130996,6,1,3,40722
239664,7,2,2,60205
230486,11,4,2,34696
84172,5,3,1,28831
231698,3,5,3,185048
79710,12,1,1,6423
16076,4,3,3,8735
157673,9,4,2,38558
211072,7,4,2,68369
295010,1,2,1,179340
48143,5,1,2,12856
21614,9,5,2,5818
40446,4,4,2,22193
76756,2,5,1,51164
253084,8,3,1,50866
80926,3,2,3,44173
133591,6,5,3,58196
210220,6,5,3,95115
14576,5,1,2,4268
84022,11,4,3,16817
93404,4,1,1,25254
86656,10,1,3,11968
217573,2,1,2,107263
292479,5,2,1,85939
119981,5,5,3,62425
228816,4,2,3,98726
74101,6,4,3,31736
20990,8,5,1,4954
204855,9,4,1,42935
51187,2,1,1,20359
15533,10,3,1,2463
255726,4,5,2,136855
20447,6,1,1,4248
39649,4,4,2,19667
64093,2,1,2,30918
134894,3,2,2,60736
215962,0,5,2,215419
241093,4,4,1,102149
16265,8,2,1,3211
248714,5,1,1,63421
277090,12,2,3,32693
91852,12,4,3,15434
200596,10,5,1,35732
152434,0,5,1,138694
84165,8,3,1,18159
13768,5,4,3,6236
117518,2,2,3,68014
18476,1,4,1,12943
41135,1,4,1,28442
8678,11,1,1,823
297709,6,4,2,115797
292995,7,1,3,75669
5114,0,1,2,3226
124318,0,3,1,101608
255318,5,3,3,123087
155751,8,4,1,35644
296424,3,5,3,242723
249107,2,3,2,151108
116201,5,4,2,53136
280298,6,3,1,75727
243878,7,1,1,43179
35578,7,1,2,7023
99634,8,1,3,21525
239231,12,3,2,31770
278147,4,5,3,188924
153950,7,1,3,36971
268514,5,1,3,95346
99827,0,4,1,79994
8921,7,3,1,2222
30794,1,4,2,27345
160261,12,2,3,19097
85274,1,4,3,75432
96834,3,3,2,52688
90502,9,2,3,17946
200380,9,5,3,57079
215378,6,3,2,67291
252750,1,2,3,193625
23583,6,2,1,5345
46432,2,4,1,26624
27756,4,5,3,16958
6564,6,5,3,3196
216976,6,3,1,63516
95729,11,2,3,14960
12935,5,2,1,3466
43010,1,4,3,39353
132896,10,2,3,24502
146503,6,3,2,51893
254461,10,1,2,31464
43479,5,2,3,16035
277242,3,5,2,195573
192352,11,5,2,34708
15089,6,5,1,5376
116210,11,3,2,17243
178515,1,1,3,117799
86361,1,4,1,65705
10800,7,4,2,3557
248845,2,4,1,155697
219235,0,4,1,198899
94005,0,1,2,62742
237528,10,2,1,33881
289365,6,2,1,66188
99945,7,2,2,25693
182130,11,1,3,24519
266354,9,5,3,73764
225907,11,4,1,30497
63544,4,3,2,28902
20966,2,2,1,10331
145084,0,1,1,89605
124702,4,3,3,63634
181750,7,5,2,69478
166311,12,2,3,20311
187407,5,1,2,52809
16868,6,5,2,6485
288822,10,1,3,46879
62306,8,2,1,11767
183052,8,3,3,51669
200660,3,4,3,151265
198174,3,3,1,94351
217329,4,5,3,138563
188864,8,3,2,46274
299025,7,1,3,76720
63725,5,1,3,19819
67110,3,4,3,50132
139069,6,2,3,45248
33692,0,4,1,30952
233274,11,5,3,51766
246426,12,3,1,24888
61116,4,3,2,25943
32321,8,5,1,7725
42827,7,3,1,9547
65323,10,1,3,8839
75226,2,3,3,50758
268986,3,2,3,148781
74719,12,3,1,7918
297544,0,1,1,180014
288524,10,3,2,49879
227735,2,2,3,150128
86287,6,3,3,32409
153077,0,4,1,137047
36595,4,5,1,18562
89487,4,1,2,30151
239263,4,1,3,102965
259138,1,4,3,236992
145852,4,4,1,65166
159570,6,3,2,47922
205017,2,3,3,162706
164319,11,1,3,20858
129506,12,2,2,13809
173735,4,1,2,62272
189500,9,3,2,40913
17662,8,5,3,5984
127109,1,4,2,105704
233663,0,1,1,142258
121235,2,3,2,73411
297873,3,4,3,209754
261053,7,5,1,78984
209429,11,4,2,32732
137401,8,3,2,31659
208022,4,3,3,107207
71711,10,4,2,13701
74038,4,4,1,31319
42752,12,3,1,4204
133242,7,4,1,37269
163218,3,4,3,113100
55179,1,4,3,55871
25449,2,5,3,21574
57032,2,2,1,27587
123487,2,4,3,97944
257349,10,2,1,34393
275203,1,4,3,274473
109181,8,2,2,22618
169741,1,5,1,124903
203484,3,4,1,99489
32164,4,5,3,19253
17391,11,2,2,2087
248902,2,2,3,151380
154123,12,4,3,23214
96126,2,3,2,60375
116102,8,4,2,29776
177809,1,3,2,127536
128390,6,5,2,53448
152303,8,1,2,27529
13513,9,2,3,2918
179638,5,2,3,66517
43974,8,2,3,9847
267643,0,3,1,202361
142964,1,1,2,87499
108852,1,1,2,66808
116629,10,4,2,24155
98233,1,5,2,92069
52031,6,4,2,19314
278141,6,1,2,66759
11891,6,5,2,5119
206202,12,4,2,26383
57210,9,1,3,10614
43385,9,5,1,9179
188548,12,2,1,19389
30683,4,1,3,13089
161309,2,1,3,92115
139939,0,3,2,120886
188326,0,2,3,165467
245983,8,2,2,46979
81592,4,4,2,45785
144988,3,3,2,73160
94529,6,4,1,32779
38588,0,4,1,33240
86268,11,2,2,10097
254645,1,4,3,229346
96542,1,5,2,91148
120858,9,2,2,22558
222664,12,5,2,32988
256814,8,5,3,87122
45861,11,4,2,7601
264139,0,4,1,225535
214736,5,5,3,109011
188209,6,1,3,58287
121559,5,2,2,43091
49990,2,1,2,25477
186639,9,3,2,41764
294453,0,5,3,349689
178683,3,2,3,100972
31982,2,5,3,26284
144452,8,5,1,38052
207598,12,4,3,32642
223579,0,4,1,198551
5250,3,3,2,2848
172557,7,4,2,55948
38438,8,2,3,9470
239483,8,3,1,49390
67187,8,1,1,9851
155184,2,2,2,80694
114717,4,3,1,43830
111698,7,3,3,37327
117924,9,3,3,24694
20252,1,2,1,12341
80760,11,1,3,10014
51229,8,5,1,12858
50765,2,1,2,25830
100896,1,4,3,88181
280232,4,4,3,169998
111999,12,2,2,12124
282767,4,4,3,167878
269683,7,5,2,94548
292876,4,5,1,149162
137485,6,3,3,49332
205466,11,2,3,28229
198387,2,1,1,79531
156398,4,5,3,93788
211322,2,3,3,166001
264107,6,1,2,71644
39647,1,4,2,30205
92499,0,5,2,103469
121910,11,3,2,16970
271958,1,3,2,189855
71135,7,5,1,22476
129254,5,2,1,35835
45892,7,2,3,13172
129394,6,5,2,58669
238430,0,3,3,226579
260475,2,4,1,174866
272895,12,3,1,31353
69765,8,5,3,23789
296480,1,2,1,169264
45961,12,3,3,6795
202767,2,2,1,107008
10692,5,3,2,3886
185955,4,2,1,67642
72133,3,3,2,41261
145979,1,5,3,161275
104853,8,4,1,25552
189122,10,5,3,42222
276917,0,1,1,150698
11274,1,3,1,6991
121238,1,3,2,98218
182923,2,3,2,115269
257324,1,1,3,167270
118133,12,5,1,16795
154229,0,3,2,133172
71102,0,4,2,67740
64109,9,1,1,7859
285793,9,2,1,42018
233769,10,5,1,39805
29171,12,2,2,3013
203736,1,5,1,179712
243360,7,1,2,49621
259320,8,2,2,57706
241454,4,1,2,83260
277114,3,2,2,121103
134326,12,2,2,15103
167547,6,2,1,38838
137079,5,4,3,69904
118921,2,5,1,77932
26617,3,4,2,16254
152858,0,1,1,85165
273411,2,1,3,162525
181749,7,3,1,40022
175717,8,3,2,41416
111663,4,3,2,49614
258836,9,1,3,48047
232990,6,4,1,68172
30832,6,1,1,6090
136188,10,5,1,24397
299406,2,2,3,192564
65734,8,4,3,19001
95583,7,1,2,19096
104885,12,4,3,17917
72005,8,1,2,12839
32717,8,5,1,9217
217755,12,3,2,28749
271248,12,2,1,24338
79132,3,3,3,52276
37994,12,3,3,5600
168539,12,3,3,22567
263939,8,3,3,67219
168910,3,2,1,67383
202262,1,4,2,180155
62502,2,1,3,34983
123960,4,1,3,49510
61201,12,4,3,9733
271530,9,1,2,43785
234468,3,5,3,175691
182065,7,2,2,43396
25466,1,4,2,22251
112578,0,3,2,94845
298997,3,3,3,174528
221828,3,5,2,161471
77521,10,4,3,18368
48259,7,5,1,14921
293327,12,3,1,32337
214753,9,3,2,40873
277473,5,5,1,123526
58470,2,3,3,44901
194840,2,3,2,116618
209832,9,3,1,35724
273407,8,5,3,98719
246559,8,1,3,46066
147086,10,5,3,33329
114683,12,5,1,14908
298863,8,2,1,49238
191073,6,2,3,67729
97067,0,4,3,107736
72313,0,3,2,62280
105505,2,3,3,68714
216655,8,2,1,37545
78896,10,1,2,10496
153918,7,5,2,56746
102924,8,3,1,22846
237369,9,2,3,47011
286427,8,5,2,92290
81871,4,2,1,28549
185601,8,4,2,47758
178805,3,4,3,117351
226094,9,5,2,53422
254827,4,1,1,70983
167531,12,5,1,24464
179922,12,1,2,17723
16049,6,1,1,3524
271574,9,2,3,53321
81535,12,4,2,12346
226495,7,5,1,64222
158120,4,4,2,88188
213645,0,5,2,230864
267538,9,3,1,48480
228748,6,2,3,81300
219517,6,5,2,86600
266285,10,3,3,53261
98734,1,4,3,100107
102987,10,2,1,12213
152492,6,4,3,67756
187293,4,3,2,81777
264936,4,5,3,179917
60519,0,5,2,61146
287198,8,2,2,58353
174322,3,4,2,102874
152791,2,5,1,109996
85521,3,2,1,37962
277286,8,5,3,99628
155327,8,2,3,38285
81796,4,4,3,49462
107663,11,5,1,17197
167930,4,4,1,74855
17189,3,2,3,10071
61721,10,1,2,7535
165726,3,2,1,63397
85133,7,5,2,32815
102915,7,2,3,31246
180543,12,5,1,25173
295558,8,2,3,66705
295973,0,4,1,246959
29245,5,5,3,17115
293047,0,3,3,275031
28763,12,5,2,4646
200795,10,1,2,27820
130716,12,5,2,20622
57047,3,3,1,25812
53863,6,5,3,27494
71476,3,2,1,26829
183217,6,5,1,66201
260522,7,4,3,96749
272559,9,3,3,63224
62064,2,5,1,44194
225420,5,5,1,100039
7546,0,4,2,7670
159259,1,5,2,139270
123039,1,2,3,95389
199001,12,2,1,18918
129464,3,4,2,85691
28304,9,1,3,4611
67204,9,1,1,9550
92330,12,5,3,15643
291617,5,3,2,119238
8785,6,5,2,3604
172186,9,2,1,27333
81646,6,1,2,19179
126474,4,2,3,62760
295125,1,5,3,343943
58571,12,2,2,6414
28320,12,5,2,4614
184581,9,4,3,50638
240272,4,3,1,86306
177183,9,1,3,33336
288144,12,1,1,23619
78614,4,4,1,33079
237154,5,4,1,92705
110948,0,2,1,76563
272072,1,2,2,177423
219136,6,4,1,71826
33223,7,3,3,9599
115087,10,5,2,26082
7273,12,1,3,809
38348,10,2,1,5501
283245,7,4,2,93076
156317,11,5,1,26839
118693,6,2,2,34855
65769,8,2,2,13984
207052,9,5,1,47704
230337,10,1,2,31927
257996,11,2,1,29565
297359,2,4,2,204461
30342,1,2,3,24459
138310,12,4,2,20310
233216,10,3,1,32491
84377,9,5,2,21967
194606,8,3,1,39154
94962,3,4,2,53463
258998,0,4,1,204829
125006,2,1,2,60300
73551,9,5,1,15088
177702,10,1,1,20629
186553,10,1,1,21562
162320,2,3,2,106676
188091,4,5,2,98873
100021,5,5,3,55276
57425,5,1,3,18759
267355,6,5,3,132027
6409,12,4,2,845
33702,11,2,1,3513
230888,9,1,3,44061
298198,5,5,1,131042
98699,6,4,3,42127
62255,7,2,2,15386
48529,9,3,1,8181
258151,2,3,1,128554
264409,2,3,2,167249
204695,0,1,3,145774
17139,4,5,1,7691
156368,6,1,1,33183
138737,7,5,2,50013
151479,1,4,1,112681
267908,2,2,3,167120
23399,12,4,1,3105
35326,11,1,1,3530
6435,12,3,1,667
191081,4,4,1,88990
7867,2,5,1,5124
37951,8,3,3,9374
249846,1,4,2,199771
18876,9,1,2,2735
223081,10,2,2,34053
74043,7,2,2,19044
29884,4,5,3,17717
206206,7,1,3,46421
167626,7,2,3,42347
221740,5,3,3,97632
116277,10,1,2,14369
139399,7,1,2,31451
15862,4,3,3,8110
253024,9,5,1,56683
61522,7,3,3,20115
21270,8,1,1,3514
206221,8,4,1,47254
287236,11,3,3,48319
30883,6,3,3,12730
165530,12,3,3,23398
273496,2,2,2,141461
46854,11,3,2,6728
137375,2,1,3,71679
239916,8,3,3,64392
140073,4,1,2,51604
12261,6,2,1,3172
98343,10,1,3,14040
257015,11,5,3,53776
113495,1,4,3,106342
204710,3,3,1,93273
243856,0,2,3,203977
100455,1,5,2,89016
110962,12,4,1,12918
75280,1,4,3,76364
103065,6,5,2,40338
33002,9,3,2,6283
255135,10,4,1,43105
77869,7,1,2,17529
218922,2,4,2,166168
124963,10,2,3,23005
231566,11,1,2,25102
259418,10,2,1,35421
89186,2,1,2,44731
92953,8,3,3,27209
248312,3,3,3,157862
281807,8,3,3,80200
292425,3,4,1,167965
139048,0,1,3,114192
147906,6,3,3,61170
177640,10,2,2,26159
161943,7,3,1,37588
29586,10,3,2,4903
150196,3,4,3,106495
73755,7,5,2,25532
294762,12,4,1,38489
42779,2,5,3,40876
186125,6,1,1,36255
126261,12,4,1,13894
42669,1,2,3,30101
164514,6,4,2,55821
199231,6,2,2,62017
74152,10,4,2,14254
140452,1,5,2,141574
29863,8,1,2,5136
9701,5,2,3,3555
163461,9,4,1,32067
290520,7,4,2,88042
92018,2,5,1,57741
28460,4,5,2,17974
211347,12,2,2,21586
245992,1,2,3,167664
98093,9,4,2,23738
134891,1,2,2,81971
116215,10,3,3,22398
228780,4,4,3,142741
266305,8,5,2,79554
146182,10,3,3,27850
287624,3,4,1,152558
295415,7,1,2,68047
212133,9,1,3,34292
64277,9,1,3,11386
21111,11,2,3,2949
74551,7,5,3,30671
140665,2,2,1,62418
276553,4,1,3,112828
299890,2,1,1,130111
296332,4,4,3,180242
31954,4,4,3,17340
64553,3,5,3,51431
160019,8,5,1,41946
130839,9,4,1,25496
77405,3,5,2,51395
77796,7,3,1,17620
187115,9,1,2,29021
57631,8,2,3,13690
155869,10,2,2,22745
23411,6,1,1,4829
10267,8,4,3,3454
140909,10,2,3,24697
6330,6,2,3,1973
21671,3,3,2,12829
12074,9,4,3,3222
23279,7,5,1,7057
83457,3,5,3,62933
220116,3,2,1,94085
61369,7,4,1,16792
13777,0,3,1,10169
212465,11,4,2,38173
218583,4,3,3,118953
138954,4,4,3,82325
249974,8,3,1,56847
211488,10,2,2,29638
127328,7,5,2,41857
168131,0,2,2,126122
256836,4,2,1,81283
222170,12,4,1,25888
51332,10,2,3,9376
200421,1,4,3,188343
284432,10,2,1,39865
106924,0,4,1,87071
223864,12,1,3,23803
213377,8,2,3,45923
288753,2,3,1,147357
79183,2,4,3,67795
231151,8,1,2,43796
268894,9,4,1,51850
292974,6,4,2,107867
14214,1,3,2,11608
101913,9,1,3,17224
176269,4,3,2,80345
31885,8,4,1,7855
106556,10,2,1,13648
7509,5,1,1,1914
149525,12,4,1,16450
12301,2,5,2,9240
238613,6,2,2,66223
31760,6,5,1,10998
113849,9,2,3,24529
67301,8,2,2,15259
253487,8,1,3,52216
225143,2,2,1,110999
17888,12,5,1,2299
53379,0,3,2,50879
216840,5,5,1,86719
274419,2,5,2,204525
271810,8,3,2,63032
120098,11,3,1,16406
91117,8,3,2,19725
198928,11,2,1,22539
83042,7,2,3,23648
18153,11,3,3,3061
235143,0,3,2,195486
72402,0,2,3,66503
149170,5,1,2,41429
38635,0,4,1,33688
9511,7,1,1,1570
19643,6,1,3,5885
53664,10,1,1,5874
143096,0,2,3,114066
129463,6,2,3,43793
136206,6,5,2,54619
28676,5,5,1,11038
297856,2,5,2,245175
152882,9,2,1,25296
49438,10,2,1,6753
72403,1,2,1,42817
196502,5,4,2,88510
19143,5,5,3,11526
86227,12,5,1,11634
135744,11,3,2,19337
205474,9,3,1,34347
294088,0,3,1,232071
280237,10,2,3,52358
220513,7,4,1,63601
78598,1,4,2,66141
215415,5,3,1,66463
142143,0,3,2,120041
36380,8,1,1,5267
91682,3,1,2,36453
32732,11,4,1,4921
219753,5,4,3,114203
134526,5,3,2,54726
45022,8,5,1,12689
141205,5,3,2,52237
8837,3,3,3,5729
216395,1,4,1,155771
8229,8,3,3,2108
88423,11,1,1,8516
280735,8,4,1,60992
26084,12,4,2,3540
149185,12,4,3,23840
285109,12,2,3,35677
135282,10,1,2,18924
51192,9,4,3,12562
227070,0,2,2,161754
80238,9,3,2,17370
48213,11,1,3,6017
178521,5,4,1,68963
55150,3,3,3,35990
91832,2,1,1,41109
149383,8,4,3,49451
32918,7,1,3,7359
272719,3,3,3,176656
251512,4,3,3,134636
144822,8,1,3,30174
206167,12,3,3,32008
24822,11,4,1,3466
168590,7,2,2,41952
188285,6,3,2,65495
279417,12,4,3,44317
110223,2,4,2,81184
246874,12,3,3,36629
141367,0,3,2,126021
290800,3,4,3,183914
141640,7,4,2,44469
52202,6,1,1,11108
10902,8,5,2,3528
197924,5,2,3,75689
156223,0,3,3,171061
122751,9,5,2,32685
258258,3,4,2,152933
8918,3,5,3,7267
133597,8,3,2,33353
298003,8,4,1,73860
211108,0,3,1,169986
277548,9,1,2,42577
45824,11,5,2,7726
59682,12,4,3,8910
204772,5,5,2,109888
23577,6,2,1,5799
35263,2,1,2,16028
217457,11,1,2,25242
62224,0,4,2,57305
50810,4,4,3,30061
40380,3,3,1,18906
177592,5,2,2,57248
147709,7,3,2,37904
110545,10,2,3,19787
16804,7,3,2,4369
216567,12,4,2,33410
205168,2,2,1,108176
247012,10,4,2,47719
204678,9,1,2,30728
159730,5,2,2,51834
161750,4,2,1,59774
76879,4,1,1,24068
218171,5,2,3,86002
200040,3,5,2,136495
149034,0,4,3,155604
280269,9,3,3,59237
97063,0,4,3,114301
191522,6,2,2,52409
138824,10,5,2,28758
58108,3,5,2,40894
193210,9,3,2,42234
158564,12,4,3,27611
289102,5,3,3,121097
137280,10,2,2,21128
108958,1,3,3,91327
257033,11,1,2,27912
226583,7,4,3,78640
225195,3,3,3,135960
101387,8,3,1,19985
189235,7,5,1,62586
93171,6,4,2,32676
284668,0,2,3,233440
34717,2,3,1,20356
266363,12,1,1,23160
209282,0,2,2,165300
82711,2,5,2,70618
221411,5,3,2,81646
80453,5,2,1,25367
184672,8,4,3,51536
258041,3,5,1,143259
100426,11,1,2,11717
199993,7,3,3,59724
63474,4,1,1,18963
257460,8,2,1,51302
116471,12,5,2,18546
22339,0,3,3,23416
76372,10,5,2,17720
252812,10,5,2,58309
244017,10,1,1,25677
133153,9,5,2,35282
280152,2,1,3,159804
184675,0,5,1,172943
101332,1,4,1,79051
122152,10,2,2,19625
214376,7,2,1,48238
56183,10,5,2,12178
228786,5,5,1,95130
221300,12,2,1,21871
86127,3,5,3,60269
204995,0,3,3,205375
40040,3,2,3,20606
110886,4,1,1,34722
254273,0,4,1,237566
31197,1,4,3,28010
38621,7,2,1,7800
89446,12,5,1,11271
113347,2,5,2,83331
16653,8,2,1,2788
254247,5,2,2,87097
130737,12,3,3,18362
248167,8,4,1,56711
123036,6,3,3,44385
139095,4,3,3,72240
281043,10,2,3,49913
215710,2,3,3,161352
173454,5,4,3,85271
57754,10,2,2,8646
271820,11,2,3,37087
218624,11,2,1,26614
186878,12,4,1,21043
239890,6,4,2,82347
185442,6,3,1,50897
110598,4,3,2,49034
137206,12,3,1,14525
256592,1,5,3,292287
83738,7,5,2,28964
44160,9,3,2,9787
104965,0,3,2,93257
170957,10,4,2,34689
72014,5,5,2,38376
104739,5,4,2,45418
173913,10,4,2,36307
7764,10,3,2,1474
115482,1,3,3,89979
249669,7,5,2,84237
236370,2,3,3,186991
228530,8,4,2,66227
188715,2,2,1,97783
119852,0,3,2,114726
209670,12,4,3,35207
70835,10,5,3,16035
32492,11,5,3,6560
173175,11,4,3,35699
235374,7,1,2,49322
155121,8,3,1,30623
131046,4,2,2,53939
244490,2,2,1,120252
172303,4,3,2,76787
73439,4,3,1,29819
267333,11,1,3,30754
148474,4,3,1,59433
192378,10,3,3,38996
87846,11,5,2,14807
147952,5,5,1,58737
47625,3,2,1,21105
29204,8,1,3,6257
81466,8,1,1,13805
207708,1,2,2,126322
109173,1,2,2,71163
267914,12,2,3,33211
110617,2,3,3,77305
195550,12,4,3,31029
212145,8,1,1,34171
82126,7,2,1,18022
193964,7,5,2,71609
125626,10,5,2,25433
202306,9,2,1,29327
190370,1,2,1,97883
180041,10,2,1,22524
100216,9,2,1,15379
268482,11,4,3,53311
288730,11,3,3,51708
181407,9,4,2,42775
204467,7,4,2,65268
268010,8,2,2,55551
173748,11,3,2,28136
77229,11,4,1,11036
122477,2,1,1,52958
251496,9,2,3,51696
207823,10,4,2,43182
190356,4,5,1,87882
162553,5,4,2,73766
95661,3,2,3,50206
60614,3,3,1,25929
251118,3,5,1,155431
144951,10,1,1,16873
181266,8,3,2,47500
142277,2,1,2,62438
152727,1,4,3,132021
82419,5,3,1,29488
184031,0,4,1,157607
123761,12,5,3,23786
14145,1,1,2,8395
35733,3,2,2,15605
78562,10,4,3,15955
173983,4,1,1,56122
38130,2,3,2,22368
173449,0,1,1,97371
64329,9,5,3,17638
105975,6,4,2,41939
207278,1,4,2,168900
289815,3,3,1,126824
158075,8,3,1,32658
66032,0,4,3,77633
277911,0,3,2,249776
244811,10,1,2,30142
152205,6,4,1,48481
191945,7,2,1,40532
202357,1,2,3,152063
203297,3,1,2,88246
242784,9,1,2,39438
195231,9,1,3,30653
142234,12,3,1,13911
101880,4,3,3,51169
235558,10,5,2,52643
272971,2,3,2,170241
16636,11,3,1,1939
10982,1,5,3,10732
201024,0,2,1,140186
197520,12,4,3,29339
246806,5,3,3,115573
59318,4,2,3,28343
175241,12,1,3,19197
150353,8,3,3,40900
282324,2,4,3,243245
53220,7,1,2,10400
210584,6,2,1,49995
280064,6,5,1,94511
233019,1,4,3,215295
236946,3,1,2,100715
182887,2,2,3,111028
9528,10,3,1,1294
125478,6,1,2,29387
255743,2,3,2,177440
87246,1,5,2,82430
258741,11,5,3,54409
104553,9,2,2,19096
177458,10,2,2,25603
240976,1,1,1,115990
49980,7,1,2,9608
11624,11,5,2,2002
83539,9,2,2,14700
6615,7,5,3,2656
244146,4,3,1,93161
73472,7,3,3,25485
208109,1,4,3,185177
58566,10,5,2,13830
87984,1,2,1,49462
178497,12,2,1,16013
236727,8,4,1,60256
47113,7,1,2,9233
221816,4,1,2,72629
250413,6,5,3,124080
97018,8,3,3,25772
50118,8,5,1,13691
296426,10,2,3,54330
240500,2,4,1,162278
109796,0,4,3,115097
27198,12,2,2,3107
131396,4,3,2,60462
223758,3,3,2,132108
167611,2,2,2,100186
209213,3,1,2,88461
52755,10,2,1,6740
268617,8,2,1,52639
118272,4,5,1,63574
12592,8,3,1,2815
246802,12,5,1,36238
79295,0,3,1,63845
267301,12,4,3,40487
51951,7,2,3,13493
288259,8,3,2,65239
180473,3,1,2,65876
32141,9,4,2,7038
124305,11,1,1,12448
211931,1,5,2,197454
43984,0,3,2,37824
28499,10,1,1,3439
223215,10,1,3,30377
141185,4,5,2,82218
287518,9,5,1,69542
166992,11,5,2,33278
248186,9,2,3,47511
72714,11,4,2,11729
129043,12,4,2,17698
177857,7,2,1,39822
145884,2,4,3,108851
25870,9,2,2,4393
21662,1,4,3,22293
299180,4,3,1,118850
184740,8,4,2,50876
34156,0,3,1,24867
168651,0,4,2,167433
75649,4,3,2,31337
6911,10,1,2,829
257102,2,2,3,155058
275448,5,1,2,80194
259980,5,2,1,84064
192119,8,2,2,42551
233641,3,1,2,87987
120396,11,3,1,16418
100036,3,1,1,33512
272482,11,4,1,35937
207688,8,4,3,65345
109847,4,4,3,59852
129554,10,1,2,18160
236299,12,5,1,29288
160408,9,5,3,44278
207023,10,3,2,37691
279637,7,1,1,46558
14955,10,5,3,3480
154685,11,5,2,25818
221116,6,2,1,56395
85197,1,3,1,49616
76913,4,1,1,24637
207124,9,5,3,58546
167006,10,3,3,31545
48015,6,2,3,15393
214325,10,4,2,40105
157524,0,3,3,143775
273799,3,1,1,102864
162290,12,4,3,27621
159795,8,5,2,45110
180046,2,1,3,103593
193923,8,1,3,43581
197578,6,3,2,59642
157586,4,3,1,66024
190530,11,5,1,30843
258154,5,2,2,96336
213486,1,1,2,126734
30120,2,4,2,20352
178664,7,2,2,39840
145646,5,3,3,58525
82604,10,3,2,15407
76441,0,5,3,87321
144478,3,5,2,96244
101733,5,2,3,41341
153308,11,2,2,21227
251322,9,5,3,79641
237332,4,5,3,166137
15519,0,1,3,11108
231532,3,3,1,113442
73343,0,4,1,61019
164904,6,2,3,50409
145280,3,1,1,52852
204216,2,1,2,106005
229727,3,2,2,114745
136526,10,2,1,16544
235314,10,2,1,29558
124813,5,1,1,28764
81551,11,4,2,12233
143763,8,5,3,46765
43325,7,2,1,8812
257930,0,2,3,243385
6471,6,2,1,1635
181040,7,4,1,46802
233105,8,4,2,65565
222747,4,4,3,129740
292818,7,1,2,64541
270258,9,5,2,68033
160767,7,4,3,58542
273944,5,1,1,75121
126611,11,5,2,24831
173852,2,5,2,139949
39393,12,1,3,4015
35127,5,2,1,9873
128998,12,2,2,13506
12897,5,2,1,4121
164002,6,4,3,66052
79513,2,1,3,44830
44056,5,2,2,16544
46746,0,4,3,51198
217477,2,3,1,125056
141237,12,5,2,19981
88783,0,5,1,87336
37807,1,2,3,25832
235519,3,2,3,132941
75034,1,5,2,67690
180513,6,2,3,60845
194214,1,4,2,165101
132817,4,1,1,41397
294955,3,4,3,199799
144191,1,2,3,102874
136086,4,5,2,83294
261223,10,3,3,55779
93621,6,5,1,35217
211590,3,4,2,117134
25855,7,2,1,5950
269443,0,1,3,210987
103584,5,2,2,38291
209843,2,3,1,120879
113660,6,1,1,26451
131753,7,1,2,26515
44712,9,5,3,12006
29705,9,2,3,5436
284578,11,2,3,40258
171868,5,2,1,47083
183905,12,2,2,18532
86858,11,4,2,15673
84970,5,3,2,35796
135093,2,3,3,102960
229255,2,4,3,168443
53723,11,1,2,6259
61930,8,1,1,8917
138266,11,4,3,25259
20278,3,4,1,11705
158090,1,1,3,100916
41315,2,3,3,29446
149415,2,3,3,103601
269890,8,1,2,47549
116697,9,2,1,16449
41099,11,1,3,4801
174231,10,5,3,38931
78570,3,2,1,29485
134868,1,1,3,85112
175627,1,4,2,154932
89052,1,3,2,60561
82702,11,3,3,14797
123737,8,3,3,35294
280293,7,4,2,95691
263399,4,3,2,121074
146279,5,3,1,44704
20375,11,3,2,3223
148700,6,4,3,69034
129579,0,2,3,107572
194227,11,3,1,24346
166354,9,1,3,29305
160423,7,4,3,54359
209155,8,2,1,37812
78463,10,5,1,13575
159885,6,1,1,32433
11631,5,4,1,4402
171687,3,1,2,72549
94086,1,1,1,44450
76812,10,5,1,15212
52494,10,5,3,12461
195076,9,4,2,48597
191718,7,1,1,34881
115374,12,5,1,15544
136744,9,4,2,28409
134351,12,3,1,14466
116828,12,1,3,11722
51485,12,3,1,5981
65368,10,2,3,11427
119481,6,4,2,47576
265130,0,3,3,272636
250134,12,4,1,31108
7703,0,1,3,5711
183224,6,4,3,81122
247295,12,4,1,28422
151152,11,3,2,21703
83843,12,2,2,8742
133517,12,5,3,22970
208586,3,5,1,125042
38179,9,5,1,8741
196808,10,4,1,34906
23917,6,1,3,6556
134912,5,4,3,69846
142186,10,3,2,23375
53402,11,5,2,10791
91701,1,5,2,87236
28660,3,2,2,13145
20193,1,3,3,18089
102906,2,4,1,60260
133399,11,3,2,20929
298691,12,2,2,33732
30648,10,5,1,5577
112823,9,3,1,19164
111389,11,3,1,13610
152528,5,2,1,46032
250965,5,1,3,82421
197824,6,2,2,61516
105802,3,2,3,55145
149626,10,2,1,21063
90959,10,5,1,18016
294201,7,5,2,112007
298493,4,2,1,112031
8844,1,4,3,8687
108810,6,3,2,38181
216728,6,3,2,76712
188615,2,3,2,121449
110912,11,1,1,9652
145442,9,2,3,32372
154539,3,5,1,97592
269843,4,2,2,107381
49291,7,4,2,16125
283696,12,5,3,51117
237917,1,1,3,144040
46369,2,2,1,22930
249328,9,1,3,45598
279528,4,3,1,103128
110547,10,2,2,15885
203206,8,4,3,65970
251140,6,1,2,65327
172157,3,1,2,63286
36997,1,4,2,30289
266393,9,1,3,46885
29136,9,5,2,8093
221717,11,1,2,23611
218042,5,3,3,91735
43218,11,5,1,6441
236903,3,5,1,134066
207877,7,1,3,47671
238450,5,2,2,83792
218243,3,2,2,93889
163272,11,3,2,24963
69799,4,2,1,24072
48613,0,5,1,46735
131496,6,3,3,49724
156505,7,3,3,52875
272647,9,3,3,66183
9531,1,2,3,7791
78336,3,3,2,41626
47153,0,3,2,41414
231158,8,3,1,48362
262805,11,4,3,47821
282105,0,5,3,370896
299323,2,4,3,242447
195848,2,1,2,87062
47209,0,1,3,37711
93250,6,3,2,33766
240932,6,1,1,48079
19601,4,3,3,10233
127575,8,2,2,24398
27393,12,1,1,2031
163749,12,3,2,21463
267153,0,3,1,210742
100991,2,1,3,56141
224490,3,3,3,147399
41987,12,2,3,4845
208076,2,5,1,143721
213912,1,4,2,166740
124532,11,2,1,13530
53555,1,3,2,42017
150296,0,3,3,149389
76054,11,5,3,16226
218032,8,5,3,70540
69159,3,3,2,34835
235270,7,1,1,46622
50279,4,2,3,23322
220952,0,5,2,224784
157846,0,2,3,127213
40434,6,4,2,15917
79734,2,2,2,45315
284386,12,5,1,37264
218628,5,1,2,63591
100255,11,3,1,11581
171288,11,4,3,31662
80290,1,3,2,61536
258602,9,5,3,79495
145571,5,2,1,38707
203015,2,3,2,141398
253553,8,4,3,85206
225996,12,3,2,26248
214712,9,3,3,50546
23030,5,2,1,7229
276454,0,2,1,168687
270880,12,3,1,27419
233398,2,1,3,121803
174866,0,2,1,121720
101806,9,3,1,18534
54592,0,1,3,38992
175871,7,5,1,54938
57758,12,2,3,7134
262714,8,1,3,48345
226896,0,2,2,180866
286738,9,3,2,60047
121678,7,1,1,22282
70793,3,5,1,45165
269143,2,5,3,247865
65924,4,2,3,32538
105537,7,3,2,29341
126426,1,5,3,133261
126013,11,1,2,14393
297857,3,4,3,185567
205555,12,2,1,19996
106192,12,3,3,13625
69501,5,3,2,27978
41324,9,3,1,6931
95305,9,2,2,15675
16390,11,4,2,2873
257643,8,5,1,61566
30407,4,3,2,12766
67070,11,4,2,10361
249629,7,3,2,63462
282463,4,1,1,83443
96472,3,2,2,42956
25559,12,2,3,3001
139489,11,1,1,12687
5927,0,1,2,3707
159860,4,4,3,87383
29707,12,4,2,4285
11177,12,4,1,1383
225664,9,3,2,45108
148748,3,5,2,107760
175991,4,2,3,72933
32655,9,2,3,6991
107797,4,4,1,47419
270931,9,1,3,50723
251012,7,4,2,82542
199873,2,5,1,149848
72179,12,1,3,7680
231401,11,1,2,26757
236070,2,5,3,221376
220126,4,1,2,79398
75977,2,2,2,45273
140291,10,3,2,26295
232041,0,2,3,193414
119188,11,2,1,12864
148452,8,2,3,35543
295932,9,4,2,64796
142731,0,1,1,88235
165479,8,5,2,51503
177742,8,5,1,48998
172218,6,5,3,80765
173565,11,3,2,26746
172254,6,1,1,37961
182091,7,4,3,60879
299403,4,2,2,126149
285943,9,4,2,70147
120656,4,2,1,44083
17358,8,4,1,4338
153162,11,2,1,18490
124607,8,5,3,39239
144313,12,5,1,17946
238649,9,3,2,46945
210716,0,5,3,273987
242761,2,2,1,106129
68918,3,5,1,37421
37007,1,2,2,25374
122599,0,1,3,98442
22338,6,2,2,7005
22759,11,4,3,4156
99845,0,1,1,62477
120910,3,2,2,62072
203991,6,4,2,80290
193862,12,5,3,36318
241116,6,2,2,76510
168790,7,2,1,37175
49833,9,4,1,9630
7754,1,2,3,5976
291644,1,2,1,161639
257547,10,3,3,53747
167994,3,4,1,93602
136454,3,3,2,69536
70018,6,1,3,21444
112375,3,4,2,64105
86901,9,5,3,27157
144718,3,5,2,99612
130120,10,2,2,20888
27196,7,4,2,7794
219694,2,3,1,118435
267334,5,5,1,104013
161756,10,2,3,29615
30507,7,1,1,5097
194883,10,5,2,41726
140726,6,5,2,58178
95902,1,2,3,67682
69656,5,2,1,21123
269974,5,1,2,81313
147978,9,5,2,38804
85745,5,3,1,26878
262093,10,3,3,48732
12059,5,1,1,3177
161818,3,5,2,104936
266824,7,3,1,68460
81219,9,3,1,14344
130443,5,1,1,31967
177921,1,4,3,170785
114729,0,4,2,108859
193597,1,2,2,117200
259897,3,5,3,186382
115189,7,4,2,33181
38613,9,1,3,6545
273310,6,5,2,122543
285752,10,2,2,43686
25446,0,2,1,16450
183995,10,4,1,32015
219627,9,3,2,40351
186641,5,2,2,66994
177248,1,4,3,161715
205477,5,2,1,60522
226878,1,3,2,175413
287015,11,4,1,39699
250863,2,4,1,163272
298345,3,1,1,100747
6298,7,1,1,1097
194232,2,3,1,113377
187108,0,4,1,155713
146930,6,3,1,42165
192932,2,2,3,130259
71431,10,3,3,14986
208037,8,1,1,29466
128251,8,4,2,31759
226904,6,4,1,71600
139003,4,5,1,72597
163855,2,3,3,113495
34076,9,1,2,5341
257630,0,1,2,167280
299989,2,1,1,117335
104599,4,4,3,65208
109644,5,3,3,46824
136926,1,3,1,79995
197084,2,5,2,150862
72950,11,5,3,13943
168179,6,3,3,69302
161475,6,3,3,65094
132342,11,2,1,14761
262933,8,3,3,72510
223497,1,5,3,255226
246185,1,3,2,173519
22049,6,4,2,8130
166260,10,3,2,29238
285637,7,1,3,70745
92555,8,2,1,16328
30354,9,1,3,5345
76834,8,5,1,20729
117317,7,2,3,30504
298849,0,4,1,278684
263891,0,3,1,200134
109098,1,1,1,49441
135446,0,2,2,103375
198221,10,3,3,40974
299139,12,5,2,43169
103504,10,2,2,16011
292070,3,4,2,160758
268905,10,3,3,51858
277480,0,1,2,188303
241414,6,4,1,79038
19966,4,1,2,6936
87993,3,2,1,33929
154242,5,3,1,49793
278171,1,1,2,151360
141946,9,5,1,29687
253954,0,1,1,131089
114734,4,4,3,73046
12295,5,4,1,4751
136244,3,1,1,45939
239445,0,2,3,194266
38228,7,5,3,16469
111390,6,3,1,29289
230285,8,2,3,58343
100915,3,4,3,75817
270821,1,1,2,156944
8355,4,1,2,2778
38487,10,2,3,7267
123622,2,4,1,68929
195323,1,1,2,109856
289071,9,3,1,54211
188579,4,4,2,101563
19688,0,1,3,14984
101798,3,2,1,41441
12025,7,1,2,2461
175418,8,2,1,31505
39630,3,3,1,17106
86293,6,5,3,43313
37319,6,1,2,9772
181984,5,3,1,61777
233167,2,2,3,152343
290612,8,5,2,91212
211283,2,5,1,157570
251008,4,3,1,99364
68037,3,4,3,42584
267482,10,1,2,33774
224152,6,4,1,69031
181812,9,2,2,30799
94320,8,2,2,21541
72053,3,5,1,41024
257755,10,3,1,36990
217932,10,4,2,45014
194520,3,5,2,120802
9141,11,4,3,1869
188506,8,1,2,34107
214663,0,1,2,148319
90622,1,4,2,78318
33043,10,5,2,7117
254667,12,4,3,38740
294385,12,3,2,36358
229249,2,2,2,121353
242128,12,5,2,37044
103120,8,3,2,24458
182277,4,3,3,86103
196125,6,5,1,71694
190756,8,2,1,35382
228168,0,1,3,170477
219319,12,1,2,21485
111836,1,5,1,97557
157464,4,2,3,65429
103273,10,2,3,17549
239175,12,4,2,36909
133955,10,2,1,17177
100846,1,5,1,83962
42859,6,3,1,12699
209474,11,5,3,40724
75749,3,3,1,38727
166038,6,3,3,56493
95172,12,4,2,14297
36955,7,4,1,10066
96121,3,4,3,66110
46843,7,4,3,15695
8003,5,2,3,3223
289121,9,3,2,59759
136026,4,3,3,68801
242324,6,4,3,98766
152361,11,4,3,26542
229372,5,5,2,107861
188186,7,2,3,55580
49542,12,2,3,6781
87671,10,4,2,17173
44568,8,4,1,9404
269795,9,5,3,78579
272502,9,4,2,62184
126188,6,1,1,29377
223117,1,2,3,162338
257503,0,4,2,241758
93426,3,1,2,40231
147687,7,5,2,46977
95785,8,1,2,17643
198446,12,5,2,30963
173862,12,4,2,22561
288338,9,3,2,53163
282901,8,1,1,41472
110041,1,2,3,84491
190726,0,2,1,130604
163952,3,1,1,55809
49767,0,4,3,60821
89367,6,2,2,26217
191689,0,1,1,117947
19396,2,2,2,11841
159365,0,3,3,156227
5351,0,2,2,4136
200726,10,4,3,43699
77749,12,3,2,10196
52853,10,4,3,11622
83201,2,1,3,43615
128542,12,1,1,11416
83852,4,5,3,50014
179721,3,5,2,126892
131529,9,3,3,32024
24194,0,4,3,29715
174716,3,4,1,98507
273136,12,3,3,40903
292638,6,5,2,127255
185957,11,4,3,33088
71109,2,1,2,30527
254462,10,3,2,40664
182208,1,2,2,121523
129489,5,3,2,46302
60554,1,5,1,52390
41713,0,5,3,56263
130068,1,2,3,103428
57177,3,3,2,28282
249014,8,5,3,80137
260464,9,5,3,78646
270885,3,2,3,152527
101450,1,2,2,70595
9874,0,4,3,10780
276714,12,3,1,30396
86382,3,3,2,49656
102161,11,4,2,17554
79713,0,4,1,71525
123048,9,2,1,18609
289566,5,4,1,99688
70230,9,4,1,14159
133271,1,5,1,116406
238262,12,3,1,24781
83335,7,1,3,19087
241270,1,1,1,118044
168586,11,4,2,29892
74622,7,1,2,15101
155667,10,5,2,30520
140044,7,2,3,41664
246262,6,4,1,82878
169582,5,1,2,47188
237463,4,1,3,93278
136622,10,2,2,20917
33129,6,4,3,14309
97675,6,2,3,32498
153795,12,4,1,20032
175933,2,5,3,156419
127539,3,5,1,70757
253896,2,2,2,146347
257176,1,5,3,265378
54131,1,1,2,32332
18154,8,4,2,5256
102500,3,4,3,69658
274203,11,1,1,23871
140139,9,2,2,24274
128766,11,1,1,11682
37112,12,5,2,5764
65263,3,4,1,35758
11753,8,5,3,3790
291381,12,1,1,21848
245960,7,4,1,65903
249659,10,1,3,36520
200476,10,2,2,31292
61557,7,4,1,17501
23214,11,1,3,2766
94257,9,1,3,15026
232440,4,4,3,137062
160844,1,3,1,106874
260751,8,2,1,45968
118665,7,1,1,22403
123852,8,1,3,25773
192028,12,2,3,25864
178749,4,5,1,80540
285874,4,5,1,134661
154475,0,1,2,101694
241914,7,5,1,71746
25810,7,3,3,7759
237223,3,2,1,103281
286061,5,2,3,108713
95895,0,2,1,68119
178871,0,3,1,127508
151811,7,4,1,41214
206744,9,1,2,31781
291379,4,4,1,117369
107809,9,5,1,22337
254722,12,2,2,25442
11642,0,2,1,8378
15461,8,4,3,5178
143886,9,1,1,19780
190864,12,1,1,16791
54252,5,1,1,14866
267000,4,4,3,162383
78765,3,4,3,57279
245160,3,5,2,151084
167405,9,2,2,27320
298624,8,1,1,49921
293743,8,5,3,102054
289063,3,5,1,151990
218653,7,5,3,80861
78067,12,1,2,7649
52292,2,1,3,28974
272439,6,5,3,129230
191796,3,1,3,96696
126678,12,3,1,14393
200577,4,4,3,115668
250563,5,3,2,92275
253274,2,3,2,164947
196219,3,3,1,85185
261090,9,1,3,42689
235151,9,5,1,56022
101384,8,4,2,25009
172295,1,5,3,198006
137021,2,2,3,85825
167753,8,1,2,27939
225450,12,1,2,19545
137769,1,1,2,71803
132551,8,5,2,41506
14431,8,5,3,5243
28533,11,1,1,2550
29937,0,2,3,23871
261969,12,2,3,31443
243636,1,2,1,146655
267509,12,1,1,21304
93719,10,3,2,15439
38674,10,4,2,7542
33113,0,5,2,37777
118197,12,3,3,15701
48406,12,4,3,7666
242059,7,2,2,61256
218084,10,3,3,39599
229923,2,3,2,142372
11282,9,3,2,2243
84489,9,3,2,17747
237498,3,3,2,140819
223369,9,5,3,58723
135812,7,2,3,35173
237103,6,4,3,92989
171093,3,5,1,102275
76578,3,1,1,28502
66165,9,5,2,17093
177719,10,2,2,28323
85623,11,5,3,17706
69687,9,5,3,21823
236431,8,1,2,40387
208315,10,1,2,26324
142141,1,2,2,98318
149797,3,5,1,91228
32174,6,2,1,7954
224271,2,3,1,128371
74365,9,4,3,18180
126060,4,3,2,53135
69983,11,5,2,12220
284850,1,2,3,198120
144111,5,1,1,34281
231419,3,4,2,150751
204532,7,1,2,39083
284297,2,3,3,194029
140730,1,3,1,96843
113875,5,4,3,55578
128895,1,3,1,78020
50255,1,2,2,32341
193943,11,3,3,29926
14148,4,1,1,4092
40525,5,4,1,13970
296742,5,1,1,76443
7569,0,2,2,5386
172277,10,5,2,40863
182346,4,3,1,66873
62068,1,2,1,35318
156925,6,1,2,41120
198406,5,5,1,86107
58763,12,3,2,7334
249799,4,4,1,121719
21665,0,3,3,21943
27125,10,4,2,5237
211620,4,5,1,102733
76689,4,1,2,24588
46694,5,5,3,25028
68553,4,3,1,27124
139591,10,2,2,19542
272078,2,2,1,124671
40011,8,5,2,10844
26226,7,2,3,7240
116248,3,4,3,75857
78637,9,5,3,21376
103863,4,2,1,37156
238781,10,1,3,31850
214808,2,2,2,119283
48425,11,4,3,8218
29420,12,5,2,4623
277396,7,1,1,46030
179430,1,3,2,121834
46603,2,5,3,44629
108321,11,1,1,10942
261806,2,5,3,257148
157075,11,3,2,20839
242868,8,1,1,38989
214705,0,3,3,217119
84403,4,3,3,40965
150256,8,2,2,30400
102901,1,5,1,85580
7344,11,4,2,1290
204344,6,4,2,79289
116094,10,3,2,20994
53796,9,3,1,8705
93712,3,2,3,48094
36290,7,5,2,12612
231725,10,1,3,31576
37077,7,5,2,12060
197362,10,2,3,30638
230105,1,5,2,213519
106462,12,5,2,16382
181726,11,4,3,34349
150046,7,4,3,57112
217459,5,5,3,117391
35369,9,1,3,6634
269823,11,2,3,39580
218989,6,2,1,54193
179850,10,5,2,42267
248473,8,2,2,56115
218021,2,2,3,139538
118662,6,2,3,36334
228761,5,5,1,96205
169716,10,3,3,30928
189377,11,3,3,29732
155987,11,1,1,14266
261672,7,3,1,63332
233020,11,2,2,32129
280481,1,2,1,163641
44470,5,3,3,21008
56976,11,5,1,9624
30743,9,1,2,5086
246579,9,2,3,52448
222502,6,4,2,77524
112430,11,5,2,21208
198423,11,5,1,33189
234884,7,1,1,47206
14210,8,3,1,2742
128401,6,2,3,39301
185957,8,4,2,54649
166168,1,1,2,101385
208565,0,3,1,156356
233604,8,1,3,43608
234594,10,2,1,30640
269886,8,4,1,64330
234166,3,4,2,140741
198749,5,5,1,86065
227218,11,1,2,23706
246129,9,4,3,63865
65678,11,4,2,11892
289777,7,5,3,109146
102302,12,4,1,12965
234455,11,4,1,35869
61511,5,1,3,19980
296445,6,2,3,98730
173836,6,1,3,53729
207625,2,4,1,127898
103899,5,1,3,34852
280249,5,2,2,103686
234029,0,2,2,195756
295462,5,4,3,140001
78748,5,3,1,24617
159308,8,2,3,37941
96243,2,1,1,42110
108388,3,1,2,44100
107503,6,2,1,28785
8090,7,2,3,2179
173420,5,4,1,64459
130368,1,3,3,104754
93529,1,5,1,79069
186299,1,2,2,119683
221516,5,3,1,68256
285195,11,4,2,46627
42387,9,5,2,11838
199056,3,2,1,88013
296575,2,2,2,170032
11161,6,2,3,3738
67041,1,1,2,38254
197895,12,1,2,18199
27088,10,5,3,7083
28789,4,4,3,15236
116115,12,4,2,14969
285801,2,5,1,187627
264765,11,5,2,51956
59137,11,3,1,7538
163824,0,1,2,117231
121013,2,5,1,78670
77088,4,5,1,34845
111565,0,3,1,92182
189082,12,1,2,17235
259900,2,1,3,145664
57561,5,5,3,29905
10660,4,2,3,4951
55402,11,4,2,8508
123244,2,1,1,51921
90175,1,2,2,55572
82257,9,4,1,14876
272743,7,4,1,72543
118464,11,1,3,13648
44218,9,5,3,13780
239959,8,3,3,62381
209752,4,1,2,76690
80711,12,1,2,7412
281299,11,3,1,32827
29968,7,3,1,7586
64657,5,5,1,26033
9150,9,4,2,1997
260794,6,4,3,108751
250686,4,4,2,139993
282995,0,5,2,296868
57027,1,1,2,35068
260781,2,1,1,113262
169689,8,4,1,37566
15416,0,3,1,11904
250849,6,3,3,87906
157609,7,3,2,42715
94023,4,3,1,35750
77541,11,2,2,10891
142534,6,1,1,32688
84115,4,2,2,30650
256992,6,1,1,53689
11876,1,3,3,9431
137585,3,5,3,111309
136996,9,5,3,35912
96482,2,3,1,52397
88998,12,2,1,9139
143757,12,1,2,14630
294092,1,1,1,140189
171003,8,3,1,38434
208473,9,2,2,38179
67507,12,2,1,6403
114946,11,4,3,21178
189110,4,2,1,62290
93120,9,4,1,17341
48919,0,4,2,44180
284770,10,5,3,72120
238637,8,1,2,41365
183872,5,4,2,74968
105799,12,1,2,10621
91425,11,4,2,15698
87331,11,5,3,18041
236552,6,1,1,55422
200496,0,2,1,124863
174205,4,5,3,104659
36060,9,1,2,5030
40068,0,5,1,38243
203673,6,2,2,64871
61261,0,4,1,51728
268582,6,5,2,115834
165796,2,5,2,129979
95712,10,2,3,15557
24560,8,1,2,4514
253504,0,1,3,201763
227454,9,2,3,50500
297363,8,5,1,74860
32594,4,3,3,18282
77288,1,3,1,49848
8216,11,2,1,825
204714,7,4,3,76088
264214,1,2,3,199606
282571,3,5,1,157272
288915,11,3,1,34477
161740,2,2,2,98317
170501,10,4,2,32062
64026,0,2,1,46366
44488,1,5,3,51003
28842,2,1,1,13025
221763,10,4,3,47617
269430,10,3,2,46055
19740,6,3,3,6942
120012,0,3,1,95069
31551,5,5,2,16172
212023,0,4,2,216873
171820,9,4,3,43494
265852,12,1,1,22929
273445,9,5,2,71244
281419,11,3,3,46417
14859,1,3,2,10985
47711,0,5,1,46553
253762,9,3,2,54512
108769,11,3,1,12685
222251,9,4,1,40095
15922,6,1,3,4824
221991,8,1,2,36963
214856,7,3,3,65865
209295,4,4,3,125931
268308,8,1,2,52035
179101,4,1,3,72288
28700,8,1,2,4778
273333,5,3,2,101077
13525,10,2,2,2039
168330,6,1,3,46560
284425,12,2,3,34343
183405,10,5,2,35950
192887,9,1,3,35188
7600,3,3,1,3806
72657,4,5,1,37897
28387,8,1,2,4957
61468,10,2,1,8327
122272,2,4,1,70376
159545,4,4,3,91391
274028,8,3,1,54464
199121,10,1,3,30643
286101,2,4,1,173413
15140,0,1,3,12185
36137,8,4,2,9100
285326,7,3,3,85414
112838,11,2,3,15247
203829,6,3,3,77595
80595,10,4,2,16864
180600,9,5,1,36643
90144,6,1,2,20547
219389,2,1,1,97668
130373,12,4,3,22754
252989,0,4,3,285998
26699,9,4,1,4909
123847,10,1,3,17293
112903,2,4,3,92114
275518,12,2,3,34821
164539,10,2,3,25678
281429,0,5,2,295515
214965,6,1,3,55284
278432,12,2,1,26074
151620,10,5,1,26347
14317,2,1,1,5558
192631,7,3,2,58674
193879,12,2,1,17400
234809,12,3,1,23422
138536,5,2,1,38859
122372,1,2,2,85467
139727,10,3,1,22794
266615,12,1,1,22014
229872,7,3,1,60887
68723,9,1,2,11233
43289,0,2,3,36904
253435,2,1,3,128832
222283,6,4,3,92056
34547,8,1,1,5819
206594,10,5,2,41367
181233,7,4,3,62045
73785,8,3,3,20590
103162,9,3,3,25242
242947,10,4,2,45482
9610,3,3,2,5443
76627,9,1,3,13588
190609,3,4,1,90531
50866,6,4,3,23321
180340,10,2,3,29148
201704,3,4,2,118618
269678,12,1,3,29437
153829,1,2,3,120780
11395,8,4,3,3340
204989,5,5,1,92831
202739,2,2,3,138122
155593,11,1,1,16186
117345,8,1,3,24468
193975,10,1,1,22689
259717,10,1,1,27567
115224,1,5,3,116354
274953,10,2,2,37870
241715,1,1,1,124031
255440,9,2,1,35997
199529,0,2,3,179135
47580,3,2,2,21186
144222,0,2,2,102837
262474,3,4,3,191159
101411,1,5,1,78459
152052,1,1,2,93109
48207,4,5,1,21898
70142,5,1,2,21230
181678,6,4,3,69622
188322,6,1,3,49683
271445,2,2,1,134103
169465,7,2,2,40199
41222,10,3,1,6112
58895,1,2,1,32952
11474,8,4,1,2602
181253,8,2,2,35499
145855,1,3,3,121485
96346,8,1,1,13960
96869,7,3,1,24562
209969,7,3,1,50505
177665,12,5,2,30557
206105,9,1,2,34514
34371,6,2,2,9000
287067,7,4,3,99303
279715,5,5,1,109012
126054,6,3,3,44173
99623,10,3,2,18595
83347,0,1,2,52825
39069,1,2,1,20468
94323,0,5,3,108230
26609,11,3,2,4265
240351,3,3,3,136759
238168,0,5,1,231605
127616,5,5,1,54722
101823,7,2,1,19962
223833,10,2,1,31404
106629,2,2,2,64398
280630,7,1,3,65147
168714,7,3,3,57696
189931,6,3,3,73157
289990,8,2,3,63307
219645,9,2,2,40452
246008,1,4,3,245307
227166,0,3,3,226847
88919,7,3,3,30227
222835,6,4,2,86940
140785,9,4,2,29774
95816,4,3,1,41410
67460,11,2,3,10693
196549,12,3,1,22365
222495,8,4,2,55655
40595,1,4,1,29859
7726,4,5,1,3834
77865,7,5,2,29035
121770,8,2,2,23521
132010,4,1,2,46987
254842,0,4,2,244539
25904,3,2,2,12656
208968,7,5,2,79377
175220,2,4,1,117261
229706,6,2,3,82288
261492,9,3,2,55074
37552,6,1,2,8557
129305,2,2,3,89337
169223,12,1,1,14960
15256,10,4,1,2371
20524,7,2,2,4895
213597,8,4,3,69906
17330,9,1,1,2278
38770,12,2,1,3489
154668,2,1,3,87579
140183,5,4,1,56096
185913,10,3,3,38725
73559,5,1,1,17228
169657,0,5,3,229533
118648,8,4,2,32992
249177,0,2,3,205287
107063,4,5,3,72398
88037,6,4,2,30448
143063,3,3,3,81655
156622,3,4,2,103279
266194,8,1,2,43923
263241,7,4,2,82198
159872,3,4,3,109335
158293,1,4,2,136937
216479,1,4,2,195154
254246,2,1,1,112304
25555,0,4,3,29567
16651,9,3,2,3305
287619,0,1,2,204027
203411,11,4,3,35914
67307,6,1,2,16424
154596,2,4,2,100805
235154,0,1,2,170159
205615,11,3,2,29411
176567,6,5,1,63655
147046,12,3,3,22107
154994,4,2,3,76971
169533,12,4,2,23640
244466,3,1,2,100327
234986,3,1,3,111914
134449,10,3,1,21131
266880,8,3,1,53107
130523,0,2,3,115200
241713,10,4,3,53529
272416,2,1,1,110495
132932,3,5,1,83636
105898,3,1,1,34429
103132,4,5,2,58931
177000,11,4,2,27276
81072,11,3,1,9377
62887,2,3,1,35669
234618,10,4,2,43841
139730,7,3,3,45818
204307,6,1,2,51007
13340,8,2,3,3280
120608,7,3,1,29345
213831,0,5,1,187499
40097,6,2,1,9657
210746,11,1,1,21477
44825,1,2,1,27468
69692,3,2,3,35469
184505,8,1,2,34273
171116,6,5,2,72847
291154,11,4,2,45072
43237,1,1,3,29146
30993,9,3,2,6864
216016,8,5,2,63800
237617,11,3,3,39871
243111,5,5,3,132651
130205,3,3,2,71210
285988,3,3,3,173363
231496,9,5,1,50088
76998,11,2,3,10350
261061,0,4,3,308456
44967,9,5,2,12080
17555,6,3,3,6851
107191,2,4,2,80437
241265,3,4,3,162626
178235,9,2,1,25876
202273,11,1,3,27002
45467,10,4,3,10076
141715,5,4,2,64804
146929,4,4,2,74504
28313,10,3,1,4464
287999,10,2,1,41412
95008,0,3,2,80490
11348,7,5,3,4674
197789,6,5,1,65184
194472,0,1,3,156364
133059,12,5,2,19890
80735,2,2,1,37806
39722,1,1,3,26852
171264,4,4,2,87722
162217,12,5,3,30607
98880,0,4,3,117836
81436,2,2,3,48427
259594,6,1,2,67653
146520,10,5,2,33751
77344,3,4,3,51603
48848,5,5,1,20250
122488,2,5,1,86055
47736,0,2,2,39290
124432,11,4,2,20738
221617,9,2,1,33322
92503,12,3,1,9526
234779,2,2,1,116472
203598,12,3,2,27550
253230,3,2,1,95758
196464,3,1,2,86127
276254,3,3,1,140150
203237,12,4,3,34170
165124,6,1,1,33596
178605,5,5,3,102683
291382,5,1,3,94498
289063,3,2,1,126483
283067,5,1,3,85806
27190,2,4,2,19726
278494,9,2,1,38900
27166,1,3,2,21787
175313,2,3,3,134428
182215,10,2,1,21824
172099,12,1,3,18597
234622,4,4,3,144107
270964,7,2,1,62609
130479,3,1,2,57111
62635,6,4,2,25150
48357,1,3,3,42832
38328,1,4,2,31061
295272,10,1,3,45703
137224,9,1,1,16326
242618,3,2,3,138207
297794,11,4,3,54567
60582,3,4,1,34415
255615,4,1,3,90169
66679,8,4,2,17525
243716,1,2,2,166763
286184,5,4,1,115744
265212,11,4,3,47951
95184,0,2,3,76730
59033,5,4,3,28204
184154,7,5,2,62509
268409,9,2,2,51748
54454,12,1,2,5187
113820,12,3,2,15644
15092,3,1,3,6688
178623,8,4,1,38051
36316,8,4,2,8948
264419,0,2,2,188511
39119,7,1,3,9597
184119,12,1,1,14076
76349,12,5,2,12358
13334,10,4,3,3123
29840,6,3,1,8632
35271,6,2,1,9171
7370,7,5,2,2620
215530,7,3,3,63803
248776,9,4,3,60564
186346,2,2,2,107156
271104,5,3,2,113948
183071,11,3,1,25278
142983,5,1,1,37951
172927,1,2,1,102848
95596,9,1,1,12045
157053,12,4,2,20992
12822,4,3,1,5309
11552,6,2,3,3720
80245,4,1,1,24461
134441,6,2,2,38998
186012,5,2,2,64966
98203,1,3,1,59676
225256,4,1,1,62213
223653,2,4,1,126928
151024,0,3,3,141200
79280,3,5,3,59302
130452,2,1,1,50889
95351,12,1,3,10998
46627,3,4,1,26048
249386,5,3,2,95308
198627,12,3,1,21381
15891,10,4,2,3336
287292,10,2,3,54367
203653,9,2,3,38983
230446,5,3,3,109702
210895,10,3,3,45322
30104,8,5,1,7999
170141,0,3,1,133789
34877,0,5,2,37625
64491,3,2,2,31289
28471,6,3,1,7780
286072,11,5,2,51219
129338,10,5,3,29061
124544,3,4,1,63061
59743,0,2,1,39675
109813,4,1,3,43743
25052,0,1,3,18332
30064,12,4,1,3349
286535,1,5,1,231552
281978,12,1,2,26614
49338,6,3,3,20094
215624,4,4,2,112355
173024,10,3,2,32125
62428,10,5,1,11121
167247,1,3,2,128206
292914,0,3,3,281868
220957,12,5,3,40598
191808,10,2,2,28842
216284,8,5,2,63504
248463,12,3,3,37600
155264,6,2,2,47333
142788,4,2,1,45798
166970,9,3,1,27825
165697,5,3,3,78853
286869,11,5,2,50619
92667,9,2,1,14217
27798,1,1,3,18901
20833,8,5,1,5418
58766,11,3,3,9371
133229,10,4,2,28525
130061,12,1,3,13264
50408,8,5,3,17955
68653,7,2,2,18580
84701,7,1,1,15673
232348,5,5,2,115331
98236,1,5,2,93548
121147,9,1,2,17097
255994,6,3,2,78768
142216,6,3,3,57618
179668,8,2,3,47078
56242,10,2,3,8807
64428,9,2,1,10501
266647,4,5,1,120453
221648,12,1,2,22551
172176,8,3,1,32371
168471,7,1,3,40101
217758,11,4,2,38670
48984,8,3,2,11018
171248,4,5,2,102827
264072,3,5,1,157929
93784,12,2,3,11180
159688,12,1,1,12968
65279,10,2,1,8482
231821,2,4,2,180271
114916,4,1,3,47824
76237,1,1,2,39330
17029,6,2,2,4724
77041,3,3,2,38495
200940,4,3,3,108112
109592,0,5,1,93717
22686,6,4,1,6667
194085,8,1,3,38599
219884,2,4,3,193929
272553,1,4,2,234505
167724,8,1,3,33435
222723,12,2,2,26199
276807,11,2,1,33036
160693,2,2,2,87854
298512,4,1,2,110260
60984,1,4,3,56180
158812,6,5,1,59798
76827,2,2,1,39985
240053,9,3,2,44721
35210,1,3,3,31401
32270,3,5,2,21799
24589,10,2,1,3299
41641,7,2,2,10283
66207,1,5,1,53338
80104,12,1,2,6951
258240,6,3,3,99589
87793,6,4,3,36474
289149,10,3,2,54761
286964,12,4,1,32496
15702,12,5,1,2178
216256,1,5,3,248111
91754,8,2,1,16007
18703,9,5,3,5774
249769,1,4,1,183896
192449,4,5,2,105489
117957,5,4,3,60788
8056,7,4,1,2201
209422,10,4,3,45119
57967,2,1,1,25818
209053,11,5,1,32161
65107,6,3,1,18860
207408,0,5,2,228056
74194,8,1,2,12774
50745,6,4,3,19547
15284,9,1,3,2544
250995,9,4,3,65379
40301,0,2,2,30522
244918,9,1,3,38670
260786,5,2,1,73491
38350,4,5,2,21589
37928,7,4,2,11869
178796,4,3,3,93217
54498,2,4,1,35417
167590,8,1,3,35376
117801,4,1,2,38028
246361,0,2,2,181898
172579,11,5,2,32735
87779,10,4,2,16422
298666,5,4,1,123033
80544,10,3,2,14934
47470,6,2,3,16447
45175,3,2,2,23283
229335,4,1,2,71174
31528,12,1,3,3228
10739,12,4,2,1524
79410,4,4,3,45951
179840,5,2,2,67567
254327,10,1,2,35546
168067,8,4,1,36827
187971,9,3,3,44555
7155,9,3,1,1237
11869,1,3,1,7490
278783,3,2,3,159870
98896,9,1,1,12417
155711,7,5,1,43140
48165,10,2,2,6976
105393,1,4,3,97373
287040,12,3,1,28643
162753,3,1,1,52417
82966,0,3,2,79943
181740,9,5,3,54310
12524,2,3,1,7534
206470,1,5,2,174172
19753,0,1,3,16126
101018,5,1,1,23416
190667,0,5,1,164275
104398,7,2,1,24113
55272,7,3,1,13169
227559,7,3,2,58096
211949,9,3,2,46755
5005,2,2,2,2599
103150,4,5,1,48389
120974,2,2,3,73303
200122,0,3,2,183800
111914,7,5,2,41717
240228,2,2,1,113580
217703,3,4,3,139506
122174,9,4,3,29913
164206,2,2,2,88418
173299,11,5,3,34365
20871,8,1,3,4345
53342,11,2,3,7389
21315,2,4,2,14366
70226,7,1,1,12541
15362,9,5,2,3886
183308,8,3,2,42879
72963,11,1,3,9344
146241,6,1,1,31814
188925,6,3,1,58652
59560,12,5,3,10303
219827,11,5,2,40639
186362,1,3,1,127032
261293,10,3,2,44326
154038,10,5,1,27176
163589,6,3,2,52198
101462,5,5,2,54421
119171,6,5,2,50638
262808,0,5,1,243586
268812,2,5,3,230830
165625,7,4,1,45331
13120,12,3,1,1292
32406,9,2,3,6696
216552,3,3,3,119825
60348,2,3,3,46365
290792,2,2,1,134013
217394,3,5,2,145495
60625,5,2,3,21815
141607,10,1,2,16607
38838,9,2,2,7052
64912,8,1,2,12010
272892,0,5,1,239942
240921,2,3,1,119550
236861,6,2,1,62371
268921,5,1,3,87501
5736,7,2,3,1583
103956,11,3,3,16206
59455,8,4,1,14003
56957,10,5,3,13832
221981,10,2,2,31942
132883,10,2,2,18403
136718,1,5,1,120709
9705,7,4,1,2471
107780,7,3,2,31588
295783,3,2,2,128420
147981,1,3,1,101549
278216,11,1,2,28098
154171,7,5,2,57037
83502,0,2,3,77586
287243,3,5,3,221701
82521,1,4,3,73792
253519,1,1,2,145563
153854,11,1,3,20447
182687,12,1,1,16034
106515,4,4,1,47724
71628,9,5,3,20011
78819,1,4,1,58922
135146,9,4,2,31108
74239,7,3,2,21559
247556,4,5,2,139067
16899,2,2,1,8042
185005,2,4,1,113317
43883,1,1,1,22076
117950,12,3,3,17696
213637,1,3,1,128543
178296,12,2,3,22034
236879,0,5,1,219448
231682,9,1,1,32929
32373,9,4,1,6541
265082,4,5,2,138887
96996,11,3,1,12167
284505,10,4,2,53234
27771,4,5,1,13093
187421,8,1,3,40438
125273,8,4,1,27147
12417,7,3,2,3679
8075,7,2,3,2383
93237,7,2,2,22264
266262,0,2,1,164162
256343,5,4,1,104717
203022,7,3,2,55613
148252,8,4,3,46291
58277,12,2,2,6929
202572,11,5,2,38970
278672,6,5,1,99819
111483,12,5,3,17898
42328,1,3,1,27963
38321,2,3,1,22557
146372,12,1,2,14265
93646,10,1,2,12565
272462,11,1,2,32865
200356,11,5,2,38956
174336,11,2,1,17631
215606,6,4,2,86699
77401,9,4,1,16766
95592,11,4,1,13189
221377,5,3,3,94193
60218,8,2,2,13026
192849,3,3,1,84641
257406,7,5,3,95023
285065,10,2,1,33902
244516,7,2,3,69874
210622,2,4,2,138377
6317,11,4,1,984
5903,1,1,1,3134
130606,10,5,3,33449
158397,1,5,2,149426
53428,11,4,3,9083
47644,3,1,1,17984
37609,3,4,3,24083
181814,6,3,2,58318
201105,0,2,1,130208
163725,3,5,2,120881
187575,2,4,2,145422
84765,6,1,3,21661
214262,9,4,1,46085
205808,4,1,2,76907
266390,11,5,3,51727
5380,11,4,3,946
37121,4,5,3,22428
244833,7,2,2,55156
147369,11,4,3,30239
256259,7,2,2,62891
158955,1,5,1,133226
40026,3,1,1,13779
228513,0,4,3,247922
34462,11,3,1,4766
233790,7,2,1,51178
253519,6,1,1,53901
128128,12,4,2,16541
66569,11,2,1,7795
110739,10,1,1,13439
44178,7,1,1,8585
61833,6,2,1,16650
58050,9,2,1,8531
171232,3,1,3,78006
155712,9,2,1,25769
152543,4,4,2,85181
176779,1,5,2,154672
247738,2,2,3,146621
17342,11,5,3,3536
142845,2,3,2,95642
258997,1,1,3,164533
48469,3,4,2,30456
171353,10,2,3,27573
95994,12,5,2,13850
210889,11,1,2,21653
65382,7,2,3,17618
297316,10,5,2,62180
286981,5,4,2,120074
105272,1,2,1,54155
289574,6,3,1,75250
83068,10,2,2,11800
255396,9,2,1,35976
60548,8,4,2,15385
282610,3,5,3,216876
118501,1,3,3,100820
109225,3,5,3,83904
52367,12,1,3,6054
74842,2,3,3,53356
256305,10,4,1,44893
10416,12,1,3,1010
64800,2,1,2,29676
187049,1,3,2,152964
5296,2,4,3,4051
174582,10,3,1,27621
147521,0,3,2,129147
187376,10,2,1,22448
19714,9,3,1,3187
73375,11,4,2,11700
158794,3,5,2,102664
283248,11,2,1,32758
21511,12,4,1,2396
24932,1,5,2,24686
108465,5,5,3,63142
94892,4,2,3,44885
156412,3,5,2,99546
82341,8,4,3,24279
62714,4,1,1,20376
229105,8,4,2,56615
162574,0,3,1,130413
125100,3,3,1,64147
276179,12,2,3,32704
175712,2,1,2,82033
192757,12,1,3,20965
14395,2,5,2,12388
266055,4,1,3,112486
281610,6,2,2,89254
87196,4,3,2,40346
260194,4,5,3,169995
298214,12,1,1,25588
184969,10,4,2,33507
64588,3,2,1,23840
52723,1,1,3,31322
222880,9,5,2,51257
161868,9,2,2,27776
244691,8,2,1,41424
43987,0,3,1,33903
72321,0,5,2,87136
6800,11,4,1,1025
89245,11,4,3,15267
158040,9,1,1,20588
271136,3,3,3,178578
293709,2,2,3,174895
234204,1,5,1,193064
155036,2,5,3,137230
124794,1,2,3,96303
54757,6,4,3,24275
68229,11,4,3,11636
194717,10,3,1,31570
268608,4,4,1,109485
35029,2,3,3,27116
212182,0,5,3,244372
200468,4,4,1,86579
29436,3,3,2,14625
204725,2,4,1,115650
73085,1,1,3,51034
151888,9,3,3,31705
149140,5,1,1,34101
20760,7,2,2,4938
88071,6,5,2,39092
16262,2,4,3,14199
192072,6,5,1,65219
97573,2,1,2,44798
221553,12,4,3,33624
81604,9,3,3,20193
130344,0,4,1,106560
181298,11,2,1,19491
214185,9,1,3,40427
271194,0,4,2,259007
294661,9,5,3,79560
144912,1,2,3,115666
5683,0,4,2,6131
192848,3,4,3,145087
158445,3,1,3,65879
191226,1,2,2,123185
47719,5,4,3,23647
15577,4,2,2,5673
197554,3,1,3,88949
297462,1,1,2,176620
149193,0,3,2,142870
58798,11,4,1,9082
254812,7,4,3,86009
24447,10,1,1,2607
181423,12,2,3,22248
297815,12,2,1,28329
116153,12,4,2,17834
190793,12,3,1,19301
27136,2,2,2,16451
102922,4,5,3,69729
181244,0,5,1,167460
285524,6,2,2,77854
70131,0,1,3,54424
170116,3,1,3,85741
51271,1,5,1,45241
16866,9,4,2,3544
76434,9,4,2,16999
158417,7,4,3,57440
244920,4,1,3,95836
75864,11,3,3,12887
129579,1,3,2,102004
163232,1,5,1,134284
49415,4,2,2,20182
7932,5,5,2,4218
129618,2,3,2,80265
144177,6,1,2,34478
212322,6,1,3,59202
200750,9,5,1,42232
162962,9,4,1,33455
224657,11,5,2,42025
275265,7,2,3,77655
163212,1,1,1,84607
262237,9,4,2,65872
205354,7,2,1,39531
191306,1,2,1,103484
191732,5,3,2,71424
13380,5,4,2,5871
170896,8,3,2,44424
49836,2,1,1,19190
203702,8,2,2,39897
131501,11,3,3,20041
224764,6,2,2,59860
143502,2,3,3,113704
163735,9,2,1,24415
296904,12,3,2,38483
66591,9,4,2,15254
11408,8,4,3,3452
126809,5,4,1,46284
94054,10,1,1,10077
184458,7,5,3,77905
273532,7,3,3,94832
64430,1,1,3,37706
135820,9,3,3,29650
245215,0,2,3,221530
289122,8,3,2,75136
106276,12,2,1,9536
262542,8,5,2,73951
271505,8,3,1,53731
209467,7,3,2,53558
88927,5,1,1,23341
200368,3,1,3,98895
18956,3,5,1,11611
271697,11,5,3,57583
73177,3,2,1,31416
226220,5,5,3,124029
157671,4,1,2,53248
267072,8,3,3,76744
90075,12,5,3,16668
28194,4,1,1,9177
69054,11,5,1,10840
280574,7,5,1,84273
137361,9,2,2,26935
126528,9,1,1,15143
58748,7,4,1,15846
164828,3,1,2,61053
96868,0,2,1,64357
113754,12,3,2,13127
171966,9,5,3,54625
53220,11,5,1,8731
136597,4,3,2,59046
72495,8,4,3,21672
209377,11,4,1,32941
272845,6,3,3,106056
241946,8,2,2,50534
101709,11,4,3,17582
176670,4,3,3,90790
88047,2,5,3,80169
242021,7,2,3,71308
115328,6,1,2,27898
155757,1,4,3,153124
162072,2,4,3,127781
125609,11,2,2,15776
213963,5,1,3,65535
71528,6,3,1,20256
219287,2,3,1,118341
279970,3,2,2,143512
80283,9,5,3,21136
28764,1,1,3,16930
201978,10,4,2,39336
221191,3,5,2,142698
36804,3,5,2,25358
77149,2,2,3,50113
164133,1,5,2,140810
247447,3,5,1,150251
78798,3,5,3,63561
79882,4,4,1,33042
260725,8,3,3,73464
169155,0,5,3,229607
37044,0,1,1,22489
228265,4,5,3,141329
257685,0,3,1,181645
51611,1,5,1,44471
94554,10,1,2,13293
123303,3,5,1,65808
135202,9,4,2,29688
105770,7,3,1,27620
21046,4,3,3,10996
295451,10,2,2,47201
202162,8,2,1,34019
121235,11,1,2,12545
286601,9,4,3,67987
149950,1,2,3,111359
45154,12,3,3,5916
235633,8,1,2,40422
220985,2,5,1,138657
227587,11,3,1,30534
129402,7,1,3,31434
202360,5,3,2,81193
227050,5,2,3,89698
267954,4,1,1,80447
25859,2,1,2,12092
81084,10,2,2,11676
297915,4,2,2,113672
26462,8,5,2,8556
219119,7,4,1,56817
53720,0,1,1,32626
219597,5,4,3,106549
69830,2,3,3,53206
174626,3,5,1,105042
254315,2,1,1,99628
35016,6,1,1,7220
242693,11,4,3,45615
11253,1,4,2,10095
154572,7,4,2,53566
260146,11,4,3,46706
168673,3,4,3,112729
268184,8,2,1,50352
127922,8,4,1,32660
270720,8,4,2,75381
190419,12,4,2,27025
17993,7,1,2,3870
270864,9,5,3,74183
116160,12,4,2,14898
224772,10,2,1,26485
105281,1,4,2,84964
91156,6,3,1,25992
165817,7,4,3,61440
247921,11,2,3,36792
177983,2,2,1,81529
223413,0,2,3,181394
147151,9,3,3,34763
164603,6,4,2,60377
150123,12,2,1,15363
64375,0,4,2,63415
155825,10,1,3,24804
13500,2,2,2,7184
230622,1,3,2,167624
143342,8,4,2,40013
263564,0,2,1,178237
98567,11,4,2,16841
145342,8,2,2,33431
129206,2,4,1,73031
158517,8,5,3,52875
188275,3,2,3,110811
208972,7,4,2,62849
106173,7,5,2,38637
21826,8,1,1,3642
104042,5,4,2,48286
244123,7,1,2,53624
271894,7,1,2,60313
228592,1,2,1,132819
157004,6,4,2,61092
202341,5,4,3,95603
76546,4,3,3,41787
229355,11,4,2,37628
67242,3,5,2,45477
220517,12,3,2,25706
52102,12,4,1,6122
177819,2,2,2,104998
223813,3,2,3,122658
115421,2,2,1,57844
205326,1,2,3,145554
97024,10,5,3,23279
55448,12,1,1,4683
246845,7,4,3,89723
14020,12,4,3,2071
247401,4,3,3,126152
262644,9,1,3,50148
280489,10,2,2,40561
11996,1,4,1,8996
292838,7,4,1,74482
133473,0,3,3,140262
115301,9,3,3,27977
147395,6,2,2,44843
168180,10,4,1,30171
43292,12,5,2,6270
202112,0,1,1,123681
179961,3,5,3,137530
21578,11,2,2,2853
65145,5,3,1,22869
129579,9,3,1,22516
284703,2,2,3,193146
165652,12,1,3,16798
261079,9,1,1,33947
96076,11,4,3,17435
107398,2,5,1,75070
295428,11,3,1,39636
44019,1,3,1,31167
59080,1,1,3,40504
88142,11,5,3,16623
263596,5,1,1,68531
122028,3,1,1,46170
86112,8,1,1,13647
281407,0,3,1,201612
85586,4,1,2,30369
226330,0,3,1,183914
11636,2,1,1,4879
149751,9,1,2,22111
71320,3,2,1,29310
272967,0,4,2,285263
127173,0,4,3,129232
105354,8,3,1,20803
261484,2,1,3,134422
218864,3,4,3,164881
99773,7,4,1,25147
106771,1,3,3,82502
150570,2,4,1,99743
209180,10,5,3,52885
182877,0,4,1,142077
165790,12,3,2,19751
271009,9,3,1,46611
229055,12,3,3,35045
152052,4,4,3,95539
192071,3,5,3,148002
31296,6,3,3,11412
83766,8,3,1,16451
53823,7,1,2,10687
171696,11,3,1,20234
36644,12,5,2,5676
166621,8,4,1,39300
184188,1,5,1,150580
251605,1,2,1,155728
87730,7,4,2,30036
164702,1,2,1,85174
35896,5,2,2,11147
118109,2,3,1,62158
79570,10,3,3,15139
69459,1,4,1,53720
222377,7,5,3,83620
5352,1,2,1,3239
107929,0,5,1,95771
261487,0,3,3,275314
215377,9,4,1,41646
147136,2,4,3,120827
264939,5,1,3,91903
162133,2,4,1,97708
84796,4,2,1,31666
146124,5,5,2,68098
239133,0,1,1,130508
111707,11,5,3,22399
115259,11,5,3,24450
215724,2,2,3,141930
212959,7,3,3,67157
102233,2,5,3,84795
230526,2,3,1,124435
249400,2,5,1,160731
255413,11,3,1,29515
114865,12,2,2,11704
285605,6,5,1,111790
97685,0,5,1,91190
90416,1,5,1,72040
133227,7,5,2,43135
85759,5,5,1,38713
212087,5,3,2,82398
85215,0,1,1,52688
142197,8,1,1,23284
187503,11,2,3,28957
236132,10,5,1,43879
281768,2,4,3,221413
33539,1,1,2,18726
276450,8,4,1,70087
277263,7,2,3,80982
29979,8,2,3,6597
299463,8,3,3,79135
252820,12,3,3,39193
27931,4,3,1,11195
51570,3,1,3,21622
81747,10,5,2,16660
188672,4,1,2,68941
96959,11,1,1,10017
63663,7,5,3,26412
37311,4,3,2,18840
121097,11,5,2,20709
82008,4,3,1,35786
58817,2,5,3,50884
88937,2,1,1,35495
196477,4,5,2,118717
277909,4,4,1,120046
122902,7,4,3,43370
219752,10,5,3,50261
123599,1,4,3,108054
58208,10,1,1,6803
68076,3,4,3,43210
176178,11,1,1,15948
230715,12,1,1,18293
80747,3,3,2,41357
77696,3,1,1,26523
79282,8,2,2,15399
174201,3,4,2,107682
244496,8,2,2,53952
184044,9,1,1,22213
191086,4,5,2,116871
222041,0,4,2,233029
176770,1,3,2,119480
157122,0,1,3,122439
8392,7,3,3,2930
258504,10,3,2,40698
172736,10,2,3,27015
90186,8,3,3,27012
7837,2,1,2,3959
264906,2,4,1,178815
148700,7,5,1,43214
196736,0,3,3,182623
61612,9,2,1,9097
250701,12,1,3,25247
240089,5,5,2,125402
181519,9,3,1,33832
173018,2,2,3,106677
128033,9,2,1,17937
166096,7,3,2,48892
235985,9,3,2,45204
18494,1,4,3,16027
111253,2,1,3,65871
105466,5,1,1,25839
163482,8,3,1,34683
64335,4,3,3,33396
99994,9,2,3,19651
152818,11,4,3,29261
48412,3,4,2,31443
250797,1,1,2,127502
274882,8,4,1,65068
179234,8,5,3,61397
106453,1,2,2,67277
236246,3,2,2,113324
38266,10,1,2,5004
12269,0,3,1,10007
282813,9,4,1,51977
273591,0,1,2,168104
266610,10,1,2,31583
283366,5,2,3,109870
28801,1,5,1,22914
36048,9,1,1,5018
96494,4,1,3,38756
235032,5,1,3,83977
82420,12,2,3,11118
150194,1,3,2,119267
224388,8,5,3,79979
277165,4,1,2,93723
142832,5,3,1,44575
264584,7,2,3,71400
59836,10,4,1,9648
16786,9,3,2,3543
272891,1,3,1,182898
108780,0,3,1,74825
95527,4,2,1,35520
158299,11,3,1,18826
78012,2,1,1,32749
185297,8,4,3,59239
152665,3,5,3,124978
45832,1,5,1,38765
172000,10,2,1,22891
183479,2,2,3,122148
43647,3,5,2,29075
260972,6,2,1,71750
161627,12,5,3,31220
171904,11,5,2,30904
273170,1,3,2,194827
232474,7,2,3,66973
151353,0,3,1,124058
157581,9,5,2,40408
23649,2,4,2,17786
265615,0,3,3,263890
30808,1,3,3,24132
287168,3,5,2,182271
90833,11,4,1,11737
47771,12,4,2,6224
269894,6,1,2,63879
292239,8,4,1,69223
220257,7,2,2,53738
160381,8,4,1,35603
289478,6,3,2,99571
266554,5,5,3,136096
156107,2,3,3,107977
158913,1,1,1,75427
155092,10,2,1,21240
144176,5,5,1,55889
297171,0,2,1,215843
69214,12,5,1,8894
96376,3,1,2,39345
223868,4,3,3,109902
35753,4,2,1,13126
233473,11,4,1,31312
60452,6,1,3,18371
196912,2,5,1,142268
259583,1,3,3,226295
192473,1,2,3,132781
77234,11,3,2,11537
296080,6,3,3,116495
99680,6,5,3,51648
270656,3,1,3,121560
5326,6,1,2,1289
85932,10,4,2,18076
271348,11,4,1,42439
133325,4,5,1,62031
20572,7,5,1,6028
59236,12,3,1,5874
225634,5,4,2,99788
12737,4,3,1,5069
236592,12,5,3,39660
51882,0,2,2,39330
105799,9,2,1,15852
206546,2,4,3,175207
169731,9,1,2,27446
208748,6,5,2,94411
188591,9,3,1,31599
16229,6,3,3,5822
18052,10,1,1,1869
101624,6,1,2,27253
30110,4,1,3,11054
270424,2,1,2,136736
189383,12,3,1,18487
19173,5,2,2,7137
206046,3,2,1,76366
103306,10,3,1,15617
148724,4,1,2,54082
174284,0,4,2,166174
177464,0,4,1,137996
168887,2,2,1,78722
175672,3,2,2,90747
105082,0,3,3,102425
284022,10,2,1,36051
96088,11,4,1,13089
114642,1,2,3,84848
148489,0,4,2,150838
250482,4,4,2,121556
5232,1,3,2,4045
294585,10,1,1,35965
259040,6,3,1,71778
94120,1,4,2,85591
225759,2,5,1,151519
102954,10,2,1,12830
163935,4,2,1,61841
145518,9,5,1,30646
127518,5,2,1,34601
130256,9,1,1,16996
20325,2,5,1,13777
290857,7,3,1,70270
173285,12,4,2,25923
145509,1,3,3,119169
45718,9,3,2,9007
263387,0,2,2,202832
57122,12,2,2,6192
162257,4,2,3,67063
146582,8,4,3,44586
32767,5,3,2,12161
183708,9,4,3,43547
41961,9,5,3,12567
18441,10,3,2,3491
192244,0,1,3,150484
243743,10,3,1,39180
272764,9,1,1,39218
282075,2,4,1,177523
101181,1,1,2,52654
85315,6,4,1,28690
183155,12,3,3,27615
183661,4,2,3,91812
59831,0,3,2,54118
292863,7,3,1,67120
148461,7,5,1,48529
23867,8,5,3,8818
13225,1,5,3,14155
208294,6,2,1,55520
261126,9,3,3,56947
45534,3,2,1,18283
181981,7,2,1,40027
14363,3,5,1,7658
248069,2,3,2,169966
240033,6,5,3,102830
165835,2,2,1,81415
204907,6,1,3,55627
250641,4,5,2,136652
76868,1,1,1,38755
109759,8,5,3,39287
249580,7,5,1,77821
186980,3,1,3,78026
97461,12,1,1,8574
222902,2,4,2,163287
110880,5,3,1,36126
295132,8,1,2,54531
221792,6,1,3,58668
194896,3,3,2,114200
78023,8,1,2,14529
104544,0,3,3,96103
49385,11,2,3,7274
113914,3,5,2,75518
198877,3,1,1,63442
280856,5,2,3,114664
298299,7,3,3,86683
280309,6,5,1,96420
30815,3,5,3,21773
66624,4,3,3,34275
136685,1,5,3,134096
260488,5,3,1,92053
57559,5,4,1,22658
243130,0,3,1,181491
50308,3,2,1,20690
280234,7,3,3,92320
240667,0,5,3,322209
16820,7,4,1,4610
146007,9,3,3,34884
141709,11,2,2,18749
247796,11,5,3,50003
141633,1,2,3,112447
23733,0,1,3,17620
166711,9,5,1,39777
182810,3,3,2,90739
47656,0,5,1,42430
219014,7,2,2,58572
16003,1,5,3,17635
102382,7,2,2,25591
33236,6,2,3,11344
54108,12,4,1,6322
246813,11,2,1,27001
72310,6,2,1,19573
261878,5,5,1,117276
146085,3,3,1,74710
178386,11,5,1,25809
52816,5,5,2,27821
68712,12,2,2,7206
34009,6,2,3,10348
74440,1,4,2,58192
19245,10,5,3,4854
136129,8,4,1,32498
16184,3,5,2,10724
205952,3,2,2,96451
179502,5,3,1,58846
36129,0,4,1,29158
257850,5,3,1,92314
127259,12,1,1,9973
65883,6,3,1,20763
107005,11,5,1,15455
146979,1,3,3,127093
132506,8,2,2,26440
251502,6,1,1,58156
113921,12,2,2,13319
78409,7,3,1,18314
167487,6,3,2,54874
272898,8,2,3,67709
36691,9,5,1,7279
262254,2,2,3,157087
270087,4,3,2,134705
291970,6,1,2,66770
195789,11,2,3,26678
49030,2,5,1,35188
47302,11,4,1,7315
278833,5,1,1,77111
281589,2,5,3,241184
273542,2,3,3,204315
232054,11,3,2,32313
266409,9,1,3,46283
214208,9,3,3,53912
203861,1,5,1,149206
214232,11,5,3,40910
98250,4,1,3,34698
287855,10,1,1,31020
261086,6,4,1,78725
97777,4,4,2,53554
16068,8,1,3,3263
14603,2,3,1,7705
229757,12,3,2,31513
183957,0,2,3,147536
205996,4,1,2,68295
227834,4,3,3,126388
285972,10,3,2,49643
114262,12,2,2,13045
125742,10,1,1,14623
66130,3,3,3,42333
142478,6,2,2,41502
206298,5,2,2,66317
210083,3,4,2,131691
36182,5,2,1,10932
263434,4,3,3,145297
11692,6,2,2,3578
266055,2,3,3,192819
296741,1,3,2,204708
53082,2,3,2,35095
90008,8,2,3,19351
295117,9,5,1,64873
125293,5,1,3,44137
44375,7,4,2,15360
276668,8,5,3,92343
97931,11,1,1,9386
272771,1,5,3,278556
96128,10,1,3,13816
61000,11,2,1,6338
258216,2,1,2,135058
64545,2,4,1,40298
163903,7,1,2,36941
276009,5,1,3,96673
14559,1,5,2,12830
12481,7,2,3,3211
266646,10,5,2,61120
240413,11,1,1,24125
50309,6,1,3,13437
45125,2,5,2,35214
88450,12,1,1,7337
84165,10,4,1,13067
107575,1,3,3,95363
7377,5,1,3,2405
5183,6,1,2,1162
8450,8,5,2,2687
237086,11,1,3,30725
249267,2,2,3,142281
32105,3,5,3,25289
122870,1,2,1,67623
186211,1,5,1,154820
288708,4,5,3,174467
164484,7,2,1,32298
186740,8,5,2,60732
185284,8,5,2,53683
279851,4,5,3,189310
137454,3,5,2,83892
109917,0,5,3,148296
57804,0,5,3,76763
27498,12,1,1,2439
262343,6,5,1,94298
71897,11,3,2,10575
221644,0,1,1,138547
243027,11,4,3,46278
138384,7,5,2,52206
230615,3,2,2,101038
243850,1,1,1,116696
164256,0,5,2,171216
53960,2,4,3,45554
66932,6,5,3,29322
221460,9,5,3,58242
144230,4,3,1,57081
278174,7,2,2,64554
31257,10,1,3,4560
34295,6,5,3,16926
88282,8,2,3,21539
167008,2,3,2,99041
139901,12,4,3,20692
56252,3,3,2,29389
28015,7,1,2,6106
22390,4,3,3,11905
45256,11,3,3,6825
140994,1,3,2,95986
157886,0,3,2,149722
140739,0,5,3,185295
169872,0,2,1,107321
255210,0,4,2,245562
167071,5,2,2,59346
65798,8,2,2,12708
78356,4,5,2,48809
195751,8,4,3,61345
26001,11,3,2,3846
7489,4,2,2,3161
188660,0,3,3,197188
181256,10,1,3,28570
45931,10,3,2,7942
165663,8,2,3,42956
264694,8,1,2,50622
122914,8,2,3,30198
248940,11,2,1,26333
243938,3,2,3,123295
73374,10,2,2,10770
9379,0,5,1,8280
278481,5,1,1,64655
29492,0,3,1,23161
135242,8,2,3,31004
291602,2,4,3,247387
163213,6,1,2,39134
292202,4,3,1,115732
49570,1,4,3,47294
44155,7,5,1,12364
167981,7,1,1,27968
111855,4,1,1,30368
13480,12,2,2,1456
192641,3,3,2,99096
275145,5,3,1,87596
207668,7,1,1,34895
280010,7,5,1,90807
186280,11,1,2,20379
77289,11,1,2,8220
233056,8,3,1,50007
55211,12,1,3,6423
201985,2,2,3,120986
32275,0,3,2,29539
256293,7,1,1,51124
283811,7,1,3,73147
89139,5,1,1,21093
220387,7,2,2,50517
257540,7,5,1,75159
86460,4,5,1,43849
100927,12,5,3,16655
76405,0,2,2,58742
43287,2,2,2,26105
34916,0,2,1,25385
165346,5,3,1,59936
221134,1,1,1,116936
146723,11,4,3,26941
290348,4,4,2,156983
30619,10,4,1,5142
39148,7,3,2,11832
29378,0,1,2,20415
222133,0,1,3,162742
254667,3,5,1,139982
21642,12,2,1,1941
177673,4,4,1,74467
107352,8,5,3,36311
210273,5,4,2,95612
35314,0,1,3,26129
68116,2,3,1,37822
196950,6,3,1,54075
263127,3,3,1,126165
128527,5,3,3,62468
237988,6,1,1,55878
28368,5,1,1,6681
79946,4,3,1,32513
253656,5,3,1,81732
203415,10,4,2,41278
279932,0,2,1,192483
62865,7,1,2,13215
111599,10,5,3,28962
52994,6,1,2,12286
220148,6,3,2,65848
284748,6,3,1,76684
101319,8,1,2,19186
167307,2,2,3,105272
77529,9,4,1,14559
175318,12,5,2,27822
88169,9,4,2,19142
171184,5,1,1,43231
140120,10,5,3,34204
15210,3,5,2,10490
120093,2,5,2,104818
167519,8,3,1,35757
202095,0,5,1,197097
241327,7,3,3,74250
245186,6,4,2,82495
115891,12,5,1,16951
82076,5,4,1,29104
276557,0,2,1,171241
39132,5,3,1,12562
69770,9,1,1,9656
112594,8,4,1,28552
59249,4,2,3,24938
116647,9,5,2,32083
281529,11,4,2,47120
123432,5,2,1,33742
66101,4,3,1,28316
193657,1,4,3,203667
191734,10,2,1,26880
14199,8,2,1,2808
205733,6,5,3,88532
248595,6,5,1,81899
266357,5,4,1,94277
84676,9,1,3,14952
277273,8,4,2,67448
82528,2,1,2,40686
171137,11,2,2,21601
282659,8,4,3,84795
260384,3,1,1,93232
228160,10,1,2,30501
99908,10,3,3,18645
272588,7,3,2,77589
141211,8,1,1,22238
25681,1,2,3,20894
255668,6,2,3,90865
218570,5,3,1,78958
180358,4,3,1,76557
232243,1,3,2,160456
279061,5,3,3,121800
158988,5,2,1,43238
159934,2,1,3,94767
40088,9,5,1,8338
281259,0,2,1,171077
278382,3,3,3,180156
265841,11,3,2,36808
153103,5,3,1,49323
259610,5,3,2,97044
128818,9,5,2,30702
191444,2,2,1,89238
297435,0,5,2,337780
250432,10,4,1,38143
126773,9,1,2,18636
169819,11,4,1,25799
209573,2,1,1,90039
170356,0,1,1,102471
117708,9,3,2,23947
79403,0,3,2,68397
15000,12,5,3,2754
94470,7,1,3,22247
97746,2,1,3,49744
241948,1,2,1,134454
213028,1,5,2,197397
153337,3,1,3,76846
34237,4,4,1,16613
65116,2,2,3,40765
49663,8,5,2,14951
77906,6,4,2,27171
97410,9,2,3,18176
256258,0,4,3,303255
290223,5,5,2,151807
298239,3,2,3,173680
137982,12,3,2,16653
151529,10,1,3,22925
147867,11,2,2,19879
199589,1,2,2,123503
152100,9,3,1,29263
146478,5,4,3,75356
40047,1,1,2,22147
125388,5,1,3,42857
159358,11,5,2,29862
228574,6,1,1,50488
277131,5,3,2,106316
194812,0,4,3,227579
50807,6,4,2,20114
21401,8,4,2,6092
52237,1,2,1,30534
89149,11,5,3,17365
297333,12,5,2,44406
33044,8,1,1,5611
93177,10,4,2,19418
6162,11,4,2,976
75079,5,2,1,23676
63273,1,5,2,54741
269179,0,3,3,242423
282819,8,4,2,80682
286507,6,4,2,105311
277746,1,2,3,219009
257497,3,5,2,184958
154598,2,4,2,120177
90262,1,3,3,80152
116092,11,3,1,16157
244670,9,1,2,41002
167662,0,5,3,194715
54933,4,5,3,35497
53573,0,2,3,49795
17843,0,1,3,13880
152415,4,3,3,79075
294467,1,1,2,157182
262903,2,5,3,253380
293194,9,3,1,48509
33928,0,5,2,39915
112520,2,4,3,82455
93883,0,5,1,87739
42228,5,1,1,10347
22413,11,1,2,2711
173687,1,1,3,110712
132416,11,4,3,27303
65955,10,3,2,11293
206505,10,5,1,35835
70711,10,5,3,17289
40044,6,2,3,13897
248963,1,1,2,150517
91968,3,2,1,40823
139077,10,3,3,29135
149571,1,5,3,159453
111331,12,4,2,16830
262442,9,1,1,37133
42758,1,1,2,25272
70112,7,1,3,16618
113523,6,5,1,37687
240449,4,2,2,100405
150776,8,5,2,43322
291550,3,3,3,178544
173183,0,1,3,126275
190100,1,3,2,154560
285701,6,2,3,94640
288381,6,4,2,99167
283553,3,4,1,140962
247936,1,1,3,171509
218701,11,2,3,33211
266495,7,1,2,52036
143346,10,5,2,28141
143759,2,1,1,53288
190552,2,1,2,87470
200208,5,5,2,91901
235502,4,3,2,104391
200357,4,3,3,104524
289467,7,4,1,84020
104952,0,1,2,67160
164938,0,4,3,199386
49658,9,2,1,7797
199499,0,2,2,141479
87731,8,4,2,25253
49308,4,1,1,15941
249700,10,5,1,46883
83740,0,3,3,84981
268933,12,1,1,22478
259606,10,4,3,55378
218680,8,1,2,40288
275993,9,3,3,57738
32595,3,1,3,15940
287590,9,5,1,61524
289508,12,2,3,36304
12021,10,3,3,2321
35173,12,4,2,4588
32054,8,4,2,7994
141923,11,3,2,19032
65180,4,4,2,34130
196221,1,1,2,111819
251891,10,1,1,28957
297297,10,1,2,38933
162351,0,4,3,187336
15372,6,3,3,6363
165105,10,3,3,33064
137002,1,4,3,140600
121639,5,5,3,72411
197904,3,2,3,116503
107215,1,4,1,80887
38341,3,3,2,21835
275081,10,5,1,48299
65289,6,5,2,29147
43956,4,5,1,20823
195090,1,1,2,99976
296480,11,5,1,43980
26334,8,2,2,5199
159458,10,2,3,28792
285492,12,2,1,25791
95263,12,1,1,8300
182687,6,1,3,52336
262707,1,2,1,148090
214413,5,5,2,99728
171230,3,3,3,101574
186475,0,1,3,150101
227449,11,1,3,28203
137689,10,3,3,29094
283584,1,5,2,243848
148710,4,5,2,85292
233226,0,2,3,202433
229338,4,4,3,125389
261800,3,2,1,110918
237785,2,5,1,149982
168580,7,4,1,47108
280272,11,4,3,54074
135088,9,5,2,33781
33768,1,3,1,23412
18790,4,1,3,7185
131784,0,4,1,104480
225124,5,2,1,67755
245635,11,5,3,53624
43601,4,2,3,18841
111926,5,4,1,38905
45749,3,3,3,28072
122354,3,1,3,54136
16717,9,3,3,3749
110001,3,4,3,71783
280197,7,2,1,65281
235766,10,1,2,32245
200871,3,4,2,111408
289822,4,4,3,168633
28334,0,4,1,26603
170850,9,5,3,51791
265935,3,5,3,184616
78251,7,3,1,20600
144038,3,2,1,54435
135886,10,2,1,18559
236090,5,2,1,72675
8682,1,3,3,7622
50536,1,4,2,41683
276613,7,3,3,85220
152855,8,4,1,33201
48523,0,2,2,40025
72988,7,3,1,16634
9612,8,1,2,1708
228548,7,2,1,52592
10541,10,2,3,1770
7302,1,4,2,6353
156395,12,3,3,20957
70784,7,1,1,12047
153747,9,5,3,46759
129505,7,3,3,41455
204135,3,4,2,127122
86130,6,5,2,33701
106252,4,1,2,33489
136456,10,3,1,19898
189807,4,2,2,83056
58899,3,3,2,30217
183318,5,3,2,72326
184362,9,1,2,27844
263609,9,1,1,32887
37526,6,3,2,12711
181668,12,1,1,15034
172464,1,1,1,91306
258417,5,3,3,124844
132988,8,5,3,46012
44108,1,5,3,43421
105034,12,4,1,13110
165817,5,2,2,51500
96259,0,5,2,98641
174237,8,4,2,47805
25525,6,3,1,7410
86940,10,1,3,11882
81424,6,4,3,32420
93924,10,5,1,17821
186404,10,3,1,29174
254452,12,4,3,41412
182203,2,4,1,111488
65525,5,1,1,17224
239274,8,4,3,75838
264446,6,1,2,65644
178335,3,3,2,99243
213420,1,5,2,211549
275029,10,3,2,50690
242068,2,2,3,164900
210203,3,1,3,97979
245432,10,4,2,43303
133145,7,4,3,49703
97498,3,2,1,38103
243317,6,1,2,55552
39115,4,3,1,15237
290660,6,3,2,93513
67250,7,4,3,24896
140693,12,5,3,24360
165640,8,3,1,35747
26826,4,4,1,11427
122022,3,4,2,69922
238369,12,1,1,19804
273760,5,5,3,157284
145219,12,3,1,17252
266690,12,4,1,33291
33483,4,2,3,16474
100946,5,1,1,26675
241513,1,2,3,194698
56366,7,5,2,21751
175339,8,5,1,47494
52037,9,3,2,11154
81454,5,1,1,22348
51243,7,2,3,13161
216647,1,1,1,99518
45302,12,5,2,6969
296550,4,2,1,111090
293136,0,1,1,179606
19698,1,5,3,21851
200657,3,3,2,111807
61182,10,3,2,11633
51855,4,5,1,24297
79966,6,4,1,24767
20852,10,2,1,2635
171556,9,4,3,40541
142406,10,2,2,22320
35624,0,2,1,25208
271264,0,4,3,292007
298391,12,5,2,42640
41634,12,4,3,7134
49839,11,3,3,7726
11890,7,1,3,2684
175571,6,2,2,53502
247606,8,2,2,52931
